image,lambda,alpha,true0est0,true1est1,true0est1,true1est0,total,F
1.0,0.1,0.005,840.0,0.0,0.0,30.0,870.0,0.0
1.0,0.1,0.01,840.0,0.0,0.0,30.0,870.0,0.0
1.0,0.1,0.015000000000000001,840.0,0.0,0.0,30.0,870.0,0.0
1.0,0.1,0.02,840.0,0.0,0.0,30.0,870.0,0.0
1.0,0.1,0.025,840.0,0.0,0.0,30.0,870.0,0.0
1.0,0.1,0.030000000000000002,840.0,0.0,0.0,30.0,870.0,0.0
1.0,0.1,0.035,840.0,0.0,0.0,30.0,870.0,0.0
1.0,0.1,0.04,840.0,0.0,0.0,30.0,870.0,0.0
1.0,0.1,0.045000000000000005,840.0,0.0,0.0,30.0,870.0,0.0
1.0,0.1,0.05,840.0,0.0,0.0,30.0,870.0,0.0
1.0,0.3111111111111111,0.005,840.0,18.0,0.0,12.0,870.0,0.8225806451612903
1.0,0.3111111111111111,0.01,840.0,12.0,0.0,18.0,870.0,0.6846846846846847
1.0,0.3111111111111111,0.015000000000000001,840.0,12.0,0.0,18.0,870.0,0.6727272727272727
1.0,0.3111111111111111,0.02,840.0,8.0,0.0,22.0,870.0,0.4791666666666667
1.0,0.3111111111111111,0.025,840.0,0.0,0.0,30.0,870.0,0.07894736842105263
1.0,0.3111111111111111,0.030000000000000002,840.0,0.0,0.0,30.0,870.0,0.0
1.0,0.3111111111111111,0.035,840.0,0.0,0.0,30.0,870.0,0.0
1.0,0.3111111111111111,0.04,840.0,0.0,0.0,30.0,870.0,0.0
1.0,0.3111111111111111,0.045000000000000005,840.0,0.0,0.0,30.0,870.0,0.0
1.0,0.3111111111111111,0.05,840.0,0.0,0.0,30.0,870.0,0.0
1.0,0.5222222222222221,0.005,840.0,21.0,0.0,9.0,870.0,0.8854961832061068
1.0,0.5222222222222221,0.01,840.0,18.0,0.0,12.0,870.0,0.8225806451612903
1.0,0.5222222222222221,0.015000000000000001,840.0,13.0,0.0,17.0,870.0,0.6964285714285715
1.0,0.5222222222222221,0.02,840.0,12.0,0.0,18.0,870.0,0.6846846846846847
1.0,0.5222222222222221,0.025,840.0,12.0,0.0,18.0,870.0,0.6846846846846847
1.0,0.5222222222222221,0.030000000000000002,840.0,12.0,0.0,18.0,870.0,0.6846846846846847
1.0,0.5222222222222221,0.035,840.0,12.0,0.0,18.0,870.0,0.6846846846846847
1.0,0.5222222222222221,0.04,840.0,9.0,0.0,21.0,870.0,0.5961538461538461
1.0,0.5222222222222221,0.045000000000000005,840.0,6.0,0.0,24.0,870.0,0.39560439560439553
1.0,0.5222222222222221,0.05,840.0,1.0,0.0,29.0,870.0,0.2195121951219512
1.0,0.7333333333333333,0.005,840.0,24.0,0.0,6.0,870.0,0.9420289855072463
1.0,0.7333333333333333,0.01,840.0,18.0,0.0,12.0,870.0,0.832
1.0,0.7333333333333333,0.015000000000000001,840.0,18.0,0.0,12.0,870.0,0.8225806451612903
1.0,0.7333333333333333,0.02,840.0,16.0,0.0,14.0,870.0,0.7521367521367521
1.0,0.7333333333333333,0.025,840.0,12.0,0.0,18.0,870.0,0.6846846846846847
1.0,0.7333333333333333,0.030000000000000002,840.0,12.0,0.0,18.0,870.0,0.6846846846846847
1.0,0.7333333333333333,0.035,840.0,12.0,0.0,18.0,870.0,0.6846846846846847
1.0,0.7333333333333333,0.04,840.0,12.0,0.0,18.0,870.0,0.6846846846846847
1.0,0.7333333333333333,0.045000000000000005,840.0,12.0,0.0,18.0,870.0,0.6846846846846847
1.0,0.7333333333333333,0.05,840.0,12.0,0.0,18.0,870.0,0.6846846846846847
1.0,0.9444444444444444,0.005,840.0,27.0,0.0,3.0,870.0,0.971830985915493
1.0,0.9444444444444444,0.01,840.0,18.0,0.0,12.0,870.0,0.8503937007874016
1.0,0.9444444444444444,0.015000000000000001,840.0,18.0,0.0,12.0,870.0,0.832
1.0,0.9444444444444444,0.02,840.0,18.0,0.0,12.0,870.0,0.8032786885245902
1.0,0.9444444444444444,0.025,840.0,14.0,0.0,16.0,870.0,0.7304347826086955
1.0,0.9444444444444444,0.030000000000000002,840.0,12.0,0.0,18.0,870.0,0.6846846846846847
1.0,0.9444444444444444,0.035,840.0,12.0,0.0,18.0,870.0,0.6846846846846847
1.0,0.9444444444444444,0.04,840.0,12.0,0.0,18.0,870.0,0.6846846846846847
1.0,0.9444444444444444,0.045000000000000005,840.0,12.0,0.0,18.0,870.0,0.6846846846846847
1.0,0.9444444444444444,0.05,840.0,12.0,0.0,18.0,870.0,0.6846846846846847
1.0,1.1555555555555557,0.005,840.0,30.0,0.0,0.0,870.0,0.993103448275862
1.0,1.1555555555555557,0.01,840.0,18.0,0.0,12.0,870.0,0.8593750000000001
1.0,1.1555555555555557,0.015000000000000001,840.0,18.0,0.0,12.0,870.0,0.8503937007874016
1.0,1.1555555555555557,0.02,840.0,18.0,0.0,12.0,870.0,0.8225806451612903
1.0,1.1555555555555557,0.025,840.0,14.0,0.0,16.0,870.0,0.7304347826086955
1.0,1.1555555555555557,0.030000000000000002,840.0,12.0,0.0,18.0,870.0,0.6846846846846847
1.0,1.1555555555555557,0.035,840.0,12.0,0.0,18.0,870.0,0.6846846846846847
1.0,1.1555555555555557,0.04,840.0,12.0,0.0,18.0,870.0,0.6846846846846847
1.0,1.1555555555555557,0.045000000000000005,840.0,12.0,0.0,18.0,870.0,0.6846846846846847
1.0,1.1555555555555557,0.05,840.0,12.0,0.0,18.0,870.0,0.6846846846846847
1.0,1.3666666666666667,0.005,840.0,28.0,0.0,2.0,870.0,0.9790209790209791
1.0,1.3666666666666667,0.01,840.0,20.0,0.0,10.0,870.0,0.8769230769230769
1.0,1.3666666666666667,0.015000000000000001,840.0,18.0,0.0,12.0,870.0,0.8503937007874016
1.0,1.3666666666666667,0.02,840.0,18.0,0.0,12.0,870.0,0.832
1.0,1.3666666666666667,0.025,840.0,15.0,0.0,15.0,870.0,0.7192982456140351
1.0,1.3666666666666667,0.030000000000000002,840.0,12.0,0.0,18.0,870.0,0.6846846846846847
1.0,1.3666666666666667,0.035,840.0,12.0,0.0,18.0,870.0,0.6846846846846847
1.0,1.3666666666666667,0.04,840.0,12.0,0.0,18.0,870.0,0.6846846846846847
1.0,1.3666666666666667,0.045000000000000005,840.0,13.0,0.0,17.0,870.0,0.6964285714285715
1.0,1.3666666666666667,0.05,840.0,12.0,0.0,18.0,870.0,0.6846846846846847
1.0,1.5777777777777777,0.005,840.0,27.0,0.0,3.0,870.0,0.9261744966442953
1.0,1.5777777777777777,0.01,840.0,21.0,0.0,9.0,870.0,0.8854961832061068
1.0,1.5777777777777777,0.015000000000000001,840.0,18.0,0.0,12.0,870.0,0.8412698412698413
1.0,1.5777777777777777,0.02,840.0,18.0,0.0,12.0,870.0,0.832
1.0,1.5777777777777777,0.025,840.0,14.0,0.0,16.0,870.0,0.7079646017699115
1.0,1.5777777777777777,0.030000000000000002,840.0,12.0,0.0,18.0,870.0,0.6846846846846847
1.0,1.5777777777777777,0.035,840.0,12.0,0.0,18.0,870.0,0.6846846846846847
1.0,1.5777777777777777,0.04,840.0,12.0,0.0,18.0,870.0,0.6846846846846847
1.0,1.5777777777777777,0.045000000000000005,840.0,12.0,0.0,18.0,870.0,0.6846846846846847
1.0,1.5777777777777777,0.05,840.0,12.0,0.0,18.0,870.0,0.6846846846846847
1.0,1.7888888888888888,0.005,838.0,27.0,2.0,3.0,870.0,0.8414634146341463
1.0,1.7888888888888888,0.01,840.0,21.0,0.0,9.0,870.0,0.8854961832061068
1.0,1.7888888888888888,0.015000000000000001,840.0,18.0,0.0,12.0,870.0,0.8503937007874016
1.0,1.7888888888888888,0.02,840.0,18.0,0.0,12.0,870.0,0.8130081300813007
1.0,1.7888888888888888,0.025,840.0,13.0,0.0,17.0,870.0,0.6964285714285715
1.0,1.7888888888888888,0.030000000000000002,840.0,12.0,0.0,18.0,870.0,0.6846846846846847
1.0,1.7888888888888888,0.035,840.0,12.0,0.0,18.0,870.0,0.6846846846846847
1.0,1.7888888888888888,0.04,840.0,12.0,0.0,18.0,870.0,0.6846846846846847
1.0,1.7888888888888888,0.045000000000000005,840.0,12.0,0.0,18.0,870.0,0.6846846846846847
1.0,1.7888888888888888,0.05,840.0,12.0,0.0,18.0,870.0,0.6846846846846847
1.0,2.0,0.005,832.0,24.0,8.0,6.0,870.0,0.6947368421052632
1.0,2.0,0.01,840.0,20.0,0.0,10.0,870.0,0.8769230769230769
1.0,2.0,0.015000000000000001,840.0,18.0,0.0,12.0,870.0,0.8503937007874016
1.0,2.0,0.02,840.0,18.0,0.0,12.0,870.0,0.7833333333333334
1.0,2.0,0.025,840.0,13.0,0.0,17.0,870.0,0.6964285714285715
1.0,2.0,0.030000000000000002,840.0,12.0,0.0,18.0,870.0,0.6846846846846847
1.0,2.0,0.035,840.0,12.0,0.0,18.0,870.0,0.6846846846846847
1.0,2.0,0.04,840.0,12.0,0.0,18.0,870.0,0.6846846846846847
1.0,2.0,0.045000000000000005,840.0,12.0,0.0,18.0,870.0,0.6846846846846847
1.0,2.0,0.05,840.0,12.0,0.0,18.0,870.0,0.6846846846846847
2.0,0.1,0.005,822.0,0.0,0.0,48.0,870.0,0.0
2.0,0.1,0.01,822.0,0.0,0.0,48.0,870.0,0.0
2.0,0.1,0.015000000000000001,822.0,0.0,0.0,48.0,870.0,0.0
2.0,0.1,0.02,822.0,0.0,0.0,48.0,870.0,0.0
2.0,0.1,0.025,822.0,0.0,0.0,48.0,870.0,0.0
2.0,0.1,0.030000000000000002,822.0,0.0,0.0,48.0,870.0,0.0
2.0,0.1,0.035,822.0,0.0,0.0,48.0,870.0,0.0
2.0,0.1,0.04,822.0,0.0,0.0,48.0,870.0,0.0
2.0,0.1,0.045000000000000005,822.0,0.0,0.0,48.0,870.0,0.0
2.0,0.1,0.05,822.0,0.0,0.0,48.0,870.0,0.0
2.0,0.3111111111111111,0.005,822.0,14.0,0.0,34.0,870.0,0.6333333333333334
2.0,0.3111111111111111,0.01,822.0,12.0,0.0,36.0,870.0,0.5486725663716815
2.0,0.3111111111111111,0.015000000000000001,822.0,2.0,0.0,46.0,870.0,0.15730337078651685
2.0,0.3111111111111111,0.02,822.0,0.0,0.0,48.0,870.0,0.0
2.0,0.3111111111111111,0.025,822.0,0.0,0.0,48.0,870.0,0.0
2.0,0.3111111111111111,0.030000000000000002,822.0,0.0,0.0,48.0,870.0,0.0
2.0,0.3111111111111111,0.035,822.0,0.0,0.0,48.0,870.0,0.0
2.0,0.3111111111111111,0.04,822.0,0.0,0.0,48.0,870.0,0.0
2.0,0.3111111111111111,0.045000000000000005,822.0,0.0,0.0,48.0,870.0,0.0
2.0,0.3111111111111111,0.05,822.0,0.0,0.0,48.0,870.0,0.0
2.0,0.5222222222222221,0.005,822.0,29.0,0.0,19.0,870.0,0.8201438848920863
2.0,0.5222222222222221,0.01,822.0,14.0,0.0,34.0,870.0,0.6446280991735537
2.0,0.5222222222222221,0.015000000000000001,822.0,12.0,0.0,36.0,870.0,0.6101694915254238
2.0,0.5222222222222221,0.02,822.0,12.0,0.0,36.0,870.0,0.6101694915254238
2.0,0.5222222222222221,0.025,822.0,10.0,0.0,38.0,870.0,0.5225225225225225
2.0,0.5222222222222221,0.030000000000000002,822.0,6.0,0.0,42.0,870.0,0.326530612244898
2.0,0.5222222222222221,0.035,822.0,3.0,0.0,45.0,870.0,0.1978021978021978
2.0,0.5222222222222221,0.04,822.0,2.0,0.0,46.0,870.0,0.11494252873563218
2.0,0.5222222222222221,0.045000000000000005,822.0,0.0,0.0,48.0,870.0,0.0
2.0,0.5222222222222221,0.05,822.0,0.0,0.0,48.0,870.0,0.0
2.0,0.7333333333333333,0.005,822.0,37.0,0.0,11.0,870.0,0.8993288590604027
2.0,0.7333333333333333,0.01,822.0,28.0,0.0,20.0,870.0,0.8029197080291971
2.0,0.7333333333333333,0.015000000000000001,822.0,15.0,0.0,33.0,870.0,0.6557377049180327
2.0,0.7333333333333333,0.02,822.0,13.0,0.0,35.0,870.0,0.6218487394957983
2.0,0.7333333333333333,0.025,822.0,12.0,0.0,36.0,870.0,0.6101694915254238
2.0,0.7333333333333333,0.030000000000000002,822.0,12.0,0.0,36.0,870.0,0.6101694915254238
2.0,0.7333333333333333,0.035,822.0,12.0,0.0,36.0,870.0,0.5982905982905983
2.0,0.7333333333333333,0.04,822.0,12.0,0.0,36.0,870.0,0.6101694915254238
2.0,0.7333333333333333,0.045000000000000005,822.0,11.0,0.0,37.0,870.0,0.5862068965517241
2.0,0.7333333333333333,0.05,822.0,11.0,0.0,37.0,870.0,0.5739130434782609
2.0,0.9444444444444444,0.005,822.0,38.0,0.0,10.0,870.0,0.9139072847682119
2.0,0.9444444444444444,0.01,822.0,32.0,0.0,16.0,870.0,0.8450704225352113
2.0,0.9444444444444444,0.015000000000000001,822.0,23.0,0.0,25.0,870.0,0.7286821705426356
2.0,0.9444444444444444,0.02,822.0,20.0,0.0,28.0,870.0,0.6984126984126985
2.0,0.9444444444444444,0.025,822.0,13.0,0.0,35.0,870.0,0.6218487394957983
2.0,0.9444444444444444,0.030000000000000002,822.0,13.0,0.0,35.0,870.0,0.6218487394957983
2.0,0.9444444444444444,0.035,822.0,12.0,0.0,36.0,870.0,0.6101694915254238
2.0,0.9444444444444444,0.04,822.0,12.0,0.0,36.0,870.0,0.6101694915254238
2.0,0.9444444444444444,0.045000000000000005,822.0,12.0,0.0,36.0,870.0,0.6101694915254238
2.0,0.9444444444444444,0.05,822.0,10.0,0.0,38.0,870.0,0.5486725663716815
2.0,1.1555555555555557,0.005,822.0,43.0,0.0,5.0,870.0,0.9487179487179488
2.0,1.1555555555555557,0.01,822.0,32.0,0.0,16.0,870.0,0.8450704225352113
2.0,1.1555555555555557,0.015000000000000001,822.0,32.0,0.0,16.0,870.0,0.8450704225352113
2.0,1.1555555555555557,0.02,822.0,21.0,0.0,27.0,870.0,0.7086614173228347
2.0,1.1555555555555557,0.025,822.0,22.0,0.0,26.0,870.0,0.71875
2.0,1.1555555555555557,0.030000000000000002,822.0,17.0,0.0,31.0,870.0,0.6666666666666666
2.0,1.1555555555555557,0.035,822.0,13.0,0.0,35.0,870.0,0.6218487394957983
2.0,1.1555555555555557,0.04,822.0,13.0,0.0,35.0,870.0,0.6218487394957983
2.0,1.1555555555555557,0.045000000000000005,822.0,12.0,0.0,36.0,870.0,0.6101694915254238
2.0,1.1555555555555557,0.05,821.0,12.0,1.0,36.0,870.0,0.5932203389830508
2.0,1.3666666666666667,0.005,822.0,42.0,0.0,6.0,870.0,0.9419354838709678
2.0,1.3666666666666667,0.01,822.0,30.0,0.0,18.0,870.0,0.8285714285714285
2.0,1.3666666666666667,0.015000000000000001,822.0,31.0,0.0,17.0,870.0,0.8368794326241135
2.0,1.3666666666666667,0.02,822.0,24.0,0.0,24.0,870.0,0.7384615384615384
2.0,1.3666666666666667,0.025,822.0,22.0,0.0,26.0,870.0,0.71875
2.0,1.3666666666666667,0.030000000000000002,822.0,21.0,0.0,27.0,870.0,0.7086614173228347
2.0,1.3666666666666667,0.035,822.0,22.0,0.0,26.0,870.0,0.71875
2.0,1.3666666666666667,0.04,822.0,16.0,0.0,32.0,870.0,0.6557377049180327
2.0,1.3666666666666667,0.045000000000000005,822.0,14.0,0.0,34.0,870.0,0.6333333333333334
2.0,1.3666666666666667,0.05,822.0,13.0,0.0,35.0,870.0,0.6218487394957983
2.0,1.5777777777777777,0.005,822.0,42.0,0.0,6.0,870.0,0.9419354838709678
2.0,1.5777777777777777,0.01,822.0,32.0,0.0,16.0,870.0,0.8450704225352113
2.0,1.5777777777777777,0.015000000000000001,822.0,32.0,0.0,16.0,870.0,0.8450704225352113
2.0,1.5777777777777777,0.02,822.0,30.0,0.0,18.0,870.0,0.8115942028985507
2.0,1.5777777777777777,0.025,822.0,22.0,0.0,26.0,870.0,0.71875
2.0,1.5777777777777777,0.030000000000000002,822.0,22.0,0.0,26.0,870.0,0.71875
2.0,1.5777777777777777,0.035,822.0,22.0,0.0,26.0,870.0,0.71875
2.0,1.5777777777777777,0.04,822.0,22.0,0.0,26.0,870.0,0.71875
2.0,1.5777777777777777,0.045000000000000005,822.0,19.0,0.0,29.0,870.0,0.6880000000000001
2.0,1.5777777777777777,0.05,822.0,16.0,0.0,32.0,870.0,0.6557377049180327
2.0,1.7888888888888888,0.005,822.0,40.0,0.0,8.0,870.0,0.9220779220779222
2.0,1.7888888888888888,0.01,822.0,31.0,0.0,17.0,870.0,0.8368794326241135
2.0,1.7888888888888888,0.015000000000000001,822.0,31.0,0.0,17.0,870.0,0.8368794326241135
2.0,1.7888888888888888,0.02,822.0,28.0,0.0,20.0,870.0,0.7761194029850745
2.0,1.7888888888888888,0.025,822.0,22.0,0.0,26.0,870.0,0.71875
2.0,1.7888888888888888,0.030000000000000002,822.0,22.0,0.0,26.0,870.0,0.71875
2.0,1.7888888888888888,0.035,822.0,22.0,0.0,26.0,870.0,0.71875
2.0,1.7888888888888888,0.04,822.0,22.0,0.0,26.0,870.0,0.71875
2.0,1.7888888888888888,0.045000000000000005,822.0,22.0,0.0,26.0,870.0,0.71875
2.0,1.7888888888888888,0.05,822.0,22.0,0.0,26.0,870.0,0.71875
2.0,2.0,0.005,817.0,38.0,5.0,10.0,870.0,0.8500000000000001
2.0,2.0,0.01,822.0,32.0,0.0,16.0,870.0,0.8450704225352113
2.0,2.0,0.015000000000000001,822.0,32.0,0.0,16.0,870.0,0.8450704225352113
2.0,2.0,0.02,822.0,32.0,0.0,16.0,870.0,0.8285714285714285
2.0,2.0,0.025,822.0,22.0,0.0,26.0,870.0,0.71875
2.0,2.0,0.030000000000000002,822.0,22.0,0.0,26.0,870.0,0.71875
2.0,2.0,0.035,822.0,21.0,0.0,27.0,870.0,0.7086614173228347
2.0,2.0,0.04,822.0,21.0,0.0,27.0,870.0,0.7086614173228347
2.0,2.0,0.045000000000000005,822.0,22.0,0.0,26.0,870.0,0.71875
2.0,2.0,0.05,822.0,22.0,0.0,26.0,870.0,0.71875
3.0,0.1,0.005,835.0,0.0,0.0,35.0,870.0,0.0
3.0,0.1,0.01,835.0,0.0,0.0,35.0,870.0,0.0
3.0,0.1,0.015000000000000001,835.0,0.0,0.0,35.0,870.0,0.0
3.0,0.1,0.02,835.0,0.0,0.0,35.0,870.0,0.0
3.0,0.1,0.025,835.0,0.0,0.0,35.0,870.0,0.0
3.0,0.1,0.030000000000000002,835.0,0.0,0.0,35.0,870.0,0.0
3.0,0.1,0.035,835.0,0.0,0.0,35.0,870.0,0.0
3.0,0.1,0.04,835.0,0.0,0.0,35.0,870.0,0.0
3.0,0.1,0.045000000000000005,835.0,0.0,0.0,35.0,870.0,0.0
3.0,0.1,0.05,835.0,0.0,0.0,35.0,870.0,0.0
3.0,0.3111111111111111,0.005,835.0,21.0,0.0,14.0,870.0,0.8652482269503545
3.0,0.3111111111111111,0.01,835.0,18.0,0.0,17.0,870.0,0.832116788321168
3.0,0.3111111111111111,0.015000000000000001,835.0,14.0,0.0,21.0,870.0,0.5454545454545454
3.0,0.3111111111111111,0.02,835.0,12.0,0.0,23.0,870.0,0.4615384615384615
3.0,0.3111111111111111,0.025,835.0,1.0,0.0,34.0,870.0,0.11764705882352941
3.0,0.3111111111111111,0.030000000000000002,835.0,0.0,0.0,35.0,870.0,0.0
3.0,0.3111111111111111,0.035,835.0,0.0,0.0,35.0,870.0,0.0
3.0,0.3111111111111111,0.04,835.0,0.0,0.0,35.0,870.0,0.0
3.0,0.3111111111111111,0.045000000000000005,835.0,0.0,0.0,35.0,870.0,0.0
3.0,0.3111111111111111,0.05,835.0,0.0,0.0,35.0,870.0,0.0
3.0,0.5222222222222221,0.005,835.0,28.0,0.0,7.0,870.0,0.9189189189189189
3.0,0.5222222222222221,0.01,835.0,21.0,0.0,14.0,870.0,0.8652482269503545
3.0,0.5222222222222221,0.015000000000000001,835.0,20.0,0.0,15.0,870.0,0.8571428571428571
3.0,0.5222222222222221,0.02,835.0,20.0,0.0,15.0,870.0,0.8489208633093526
3.0,0.5222222222222221,0.025,835.0,18.0,0.0,17.0,870.0,0.8235294117647058
3.0,0.5222222222222221,0.030000000000000002,835.0,15.0,0.0,20.0,870.0,0.5840707964601769
3.0,0.5222222222222221,0.035,835.0,13.0,0.0,22.0,870.0,0.47619047619047616
3.0,0.5222222222222221,0.04,835.0,12.0,0.0,23.0,870.0,0.4615384615384615
3.0,0.5222222222222221,0.045000000000000005,835.0,11.0,0.0,24.0,870.0,0.4313725490196079
3.0,0.5222222222222221,0.05,835.0,5.0,0.0,30.0,870.0,0.2417582417582418
3.0,0.7333333333333333,0.005,835.0,35.0,0.0,0.0,870.0,0.9873417721518987
3.0,0.7333333333333333,0.01,835.0,23.0,0.0,12.0,870.0,0.881118881118881
3.0,0.7333333333333333,0.015000000000000001,835.0,21.0,0.0,14.0,870.0,0.8571428571428571
3.0,0.7333333333333333,0.02,835.0,21.0,0.0,14.0,870.0,0.8652482269503545
3.0,0.7333333333333333,0.025,835.0,20.0,0.0,15.0,870.0,0.8571428571428571
3.0,0.7333333333333333,0.030000000000000002,835.0,20.0,0.0,15.0,870.0,0.8571428571428571
3.0,0.7333333333333333,0.035,835.0,20.0,0.0,15.0,870.0,0.8571428571428571
3.0,0.7333333333333333,0.04,835.0,19.0,0.0,16.0,870.0,0.8405797101449275
3.0,0.7333333333333333,0.045000000000000005,835.0,18.0,0.0,17.0,870.0,0.8235294117647058
3.0,0.7333333333333333,0.05,835.0,15.0,0.0,20.0,870.0,0.6776859504132231
3.0,0.9444444444444444,0.005,835.0,35.0,0.0,0.0,870.0,1.0
3.0,0.9444444444444444,0.01,835.0,29.0,0.0,6.0,870.0,0.9261744966442953
3.0,0.9444444444444444,0.015000000000000001,835.0,22.0,0.0,13.0,870.0,0.8732394366197184
3.0,0.9444444444444444,0.02,835.0,21.0,0.0,14.0,870.0,0.8652482269503545
3.0,0.9444444444444444,0.025,835.0,20.0,0.0,15.0,870.0,0.8571428571428571
3.0,0.9444444444444444,0.030000000000000002,835.0,20.0,0.0,15.0,870.0,0.8571428571428571
3.0,0.9444444444444444,0.035,835.0,20.0,0.0,15.0,870.0,0.8571428571428571
3.0,0.9444444444444444,0.04,835.0,20.0,0.0,15.0,870.0,0.8571428571428571
3.0,0.9444444444444444,0.045000000000000005,835.0,20.0,0.0,15.0,870.0,0.8571428571428571
3.0,0.9444444444444444,0.05,835.0,19.0,0.0,16.0,870.0,0.832116788321168
3.0,1.1555555555555557,0.005,835.0,35.0,0.0,0.0,870.0,1.0
3.0,1.1555555555555557,0.01,835.0,34.0,0.0,1.0,870.0,0.961038961038961
3.0,1.1555555555555557,0.015000000000000001,835.0,23.0,0.0,12.0,870.0,0.881118881118881
3.0,1.1555555555555557,0.02,835.0,21.0,0.0,14.0,870.0,0.8652482269503545
3.0,1.1555555555555557,0.025,835.0,21.0,0.0,14.0,870.0,0.8652482269503545
3.0,1.1555555555555557,0.030000000000000002,835.0,20.0,0.0,15.0,870.0,0.8571428571428571
3.0,1.1555555555555557,0.035,835.0,19.0,0.0,16.0,870.0,0.8489208633093526
3.0,1.1555555555555557,0.04,835.0,20.0,0.0,15.0,870.0,0.8571428571428571
3.0,1.1555555555555557,0.045000000000000005,835.0,20.0,0.0,15.0,870.0,0.8571428571428571
3.0,1.1555555555555557,0.05,835.0,20.0,0.0,15.0,870.0,0.8571428571428571
3.0,1.3666666666666667,0.005,830.0,35.0,5.0,0.0,870.0,0.9195402298850576
3.0,1.3666666666666667,0.01,835.0,35.0,0.0,0.0,870.0,0.9743589743589743
3.0,1.3666666666666667,0.015000000000000001,835.0,25.0,0.0,10.0,870.0,0.896551724137931
3.0,1.3666666666666667,0.02,835.0,22.0,0.0,13.0,870.0,0.8732394366197184
3.0,1.3666666666666667,0.025,835.0,21.0,0.0,14.0,870.0,0.8652482269503545
3.0,1.3666666666666667,0.030000000000000002,835.0,20.0,0.0,15.0,870.0,0.8571428571428571
3.0,1.3666666666666667,0.035,835.0,20.0,0.0,15.0,870.0,0.8571428571428571
3.0,1.3666666666666667,0.04,835.0,20.0,0.0,15.0,870.0,0.8571428571428571
3.0,1.3666666666666667,0.045000000000000005,835.0,20.0,0.0,15.0,870.0,0.8571428571428571
3.0,1.3666666666666667,0.05,835.0,20.0,0.0,15.0,870.0,0.832116788321168
3.0,1.5777777777777777,0.005,821.0,35.0,14.0,0.0,870.0,0.8404255319148937
3.0,1.5777777777777777,0.01,835.0,34.0,0.0,1.0,870.0,0.967741935483871
3.0,1.5777777777777777,0.015000000000000001,835.0,25.0,0.0,10.0,870.0,0.896551724137931
3.0,1.5777777777777777,0.02,835.0,22.0,0.0,13.0,870.0,0.8732394366197184
3.0,1.5777777777777777,0.025,835.0,21.0,0.0,14.0,870.0,0.8652482269503545
3.0,1.5777777777777777,0.030000000000000002,835.0,20.0,0.0,15.0,870.0,0.8571428571428571
3.0,1.5777777777777777,0.035,835.0,20.0,0.0,15.0,870.0,0.8571428571428571
3.0,1.5777777777777777,0.04,835.0,20.0,0.0,15.0,870.0,0.8571428571428571
3.0,1.5777777777777777,0.045000000000000005,835.0,20.0,0.0,15.0,870.0,0.8571428571428571
3.0,1.5777777777777777,0.05,835.0,20.0,0.0,15.0,870.0,0.8571428571428571
3.0,1.7888888888888888,0.005,814.0,35.0,21.0,0.0,870.0,0.7899999999999999
3.0,1.7888888888888888,0.01,833.0,35.0,2.0,0.0,870.0,0.9440993788819876
3.0,1.7888888888888888,0.015000000000000001,835.0,27.0,0.0,8.0,870.0,0.9115646258503401
3.0,1.7888888888888888,0.02,835.0,22.0,0.0,13.0,870.0,0.8732394366197184
3.0,1.7888888888888888,0.025,835.0,21.0,0.0,14.0,870.0,0.8652482269503545
3.0,1.7888888888888888,0.030000000000000002,835.0,20.0,0.0,15.0,870.0,0.8571428571428571
3.0,1.7888888888888888,0.035,835.0,20.0,0.0,15.0,870.0,0.8571428571428571
3.0,1.7888888888888888,0.04,835.0,20.0,0.0,15.0,870.0,0.8571428571428571
3.0,1.7888888888888888,0.045000000000000005,835.0,20.0,0.0,15.0,870.0,0.8571428571428571
3.0,1.7888888888888888,0.05,835.0,20.0,0.0,15.0,870.0,0.8571428571428571
3.0,2.0,0.005,807.0,35.0,28.0,0.0,870.0,0.7383177570093459
3.0,2.0,0.01,829.0,35.0,6.0,0.0,870.0,0.8786127167630059
3.0,2.0,0.015000000000000001,835.0,30.0,0.0,5.0,870.0,0.9333333333333333
3.0,2.0,0.02,835.0,22.0,0.0,13.0,870.0,0.8732394366197184
3.0,2.0,0.025,835.0,21.0,0.0,14.0,870.0,0.8652482269503545
3.0,2.0,0.030000000000000002,835.0,20.0,0.0,15.0,870.0,0.8571428571428571
3.0,2.0,0.035,835.0,20.0,0.0,15.0,870.0,0.8571428571428571
3.0,2.0,0.04,835.0,20.0,0.0,15.0,870.0,0.8571428571428571
3.0,2.0,0.045000000000000005,835.0,20.0,0.0,15.0,870.0,0.8571428571428571
3.0,2.0,0.05,835.0,20.0,0.0,15.0,870.0,0.8571428571428571
4.0,0.1,0.005,846.0,0.0,0.0,24.0,870.0,0.0
4.0,0.1,0.01,846.0,0.0,0.0,24.0,870.0,0.0
4.0,0.1,0.015000000000000001,846.0,0.0,0.0,24.0,870.0,0.0
4.0,0.1,0.02,846.0,0.0,0.0,24.0,870.0,0.0
4.0,0.1,0.025,846.0,0.0,0.0,24.0,870.0,0.0
4.0,0.1,0.030000000000000002,846.0,0.0,0.0,24.0,870.0,0.0
4.0,0.1,0.035,846.0,0.0,0.0,24.0,870.0,0.0
4.0,0.1,0.04,846.0,0.0,0.0,24.0,870.0,0.0
4.0,0.1,0.045000000000000005,846.0,0.0,0.0,24.0,870.0,0.0
4.0,0.1,0.05,846.0,0.0,0.0,24.0,870.0,0.0
4.0,0.3111111111111111,0.005,846.0,7.0,0.0,17.0,870.0,0.38961038961038963
4.0,0.3111111111111111,0.01,846.0,5.0,0.0,19.0,870.0,0.27777777777777773
4.0,0.3111111111111111,0.015000000000000001,846.0,2.0,0.0,22.0,870.0,0.12121212121212122
4.0,0.3111111111111111,0.02,846.0,1.0,0.0,23.0,870.0,0.031746031746031744
4.0,0.3111111111111111,0.025,846.0,0.0,0.0,24.0,870.0,0.0
4.0,0.3111111111111111,0.030000000000000002,846.0,0.0,0.0,24.0,870.0,0.0
4.0,0.3111111111111111,0.035,846.0,0.0,0.0,24.0,870.0,0.0
4.0,0.3111111111111111,0.04,846.0,0.0,0.0,24.0,870.0,0.0
4.0,0.3111111111111111,0.045000000000000005,846.0,0.0,0.0,24.0,870.0,0.0
4.0,0.3111111111111111,0.05,846.0,0.0,0.0,24.0,870.0,0.0
4.0,0.5222222222222221,0.005,846.0,20.0,0.0,4.0,870.0,0.8301886792452831
4.0,0.5222222222222221,0.01,846.0,6.0,0.0,18.0,870.0,0.3466666666666667
4.0,0.5222222222222221,0.015000000000000001,845.0,6.0,1.0,18.0,870.0,0.31999999999999995
4.0,0.5222222222222221,0.02,846.0,5.0,0.0,19.0,870.0,0.27777777777777773
4.0,0.5222222222222221,0.025,846.0,3.0,0.0,21.0,870.0,0.17647058823529413
4.0,0.5222222222222221,0.030000000000000002,846.0,2.0,0.0,22.0,870.0,0.12121212121212122
4.0,0.5222222222222221,0.035,846.0,1.0,0.0,23.0,870.0,0.0625
4.0,0.5222222222222221,0.04,846.0,1.0,0.0,23.0,870.0,0.0625
4.0,0.5222222222222221,0.045000000000000005,846.0,0.0,0.0,24.0,870.0,0.0
4.0,0.5222222222222221,0.05,846.0,0.0,0.0,24.0,870.0,0.0
4.0,0.7333333333333333,0.005,846.0,22.0,0.0,2.0,870.0,0.8928571428571428
4.0,0.7333333333333333,0.01,846.0,20.0,0.0,4.0,870.0,0.7843137254901961
4.0,0.7333333333333333,0.015000000000000001,845.0,14.0,1.0,10.0,870.0,0.5517241379310344
4.0,0.7333333333333333,0.02,846.0,7.0,0.0,17.0,870.0,0.3466666666666667
4.0,0.7333333333333333,0.025,846.0,6.0,0.0,18.0,870.0,0.3243243243243243
4.0,0.7333333333333333,0.030000000000000002,846.0,5.0,0.0,19.0,870.0,0.27777777777777773
4.0,0.7333333333333333,0.035,846.0,4.0,0.0,20.0,870.0,0.2285714285714286
4.0,0.7333333333333333,0.04,846.0,5.0,0.0,19.0,870.0,0.2535211267605634
4.0,0.7333333333333333,0.045000000000000005,846.0,4.0,0.0,20.0,870.0,0.2028985507246377
4.0,0.7333333333333333,0.05,846.0,2.0,0.0,22.0,870.0,0.1492537313432836
4.0,0.9444444444444444,0.005,846.0,23.0,0.0,1.0,870.0,0.9752066115702479
4.0,0.9444444444444444,0.01,846.0,20.0,0.0,4.0,870.0,0.7843137254901961
4.0,0.9444444444444444,0.015000000000000001,846.0,18.0,0.0,6.0,870.0,0.6947368421052631
4.0,0.9444444444444444,0.02,844.0,13.0,2.0,11.0,870.0,0.5287356321839081
4.0,0.9444444444444444,0.025,846.0,10.0,0.0,14.0,870.0,0.430379746835443
4.0,0.9444444444444444,0.030000000000000002,846.0,4.0,0.0,20.0,870.0,0.2285714285714286
4.0,0.9444444444444444,0.035,846.0,3.0,0.0,21.0,870.0,0.1492537313432836
4.0,0.9444444444444444,0.04,846.0,5.0,0.0,19.0,870.0,0.27777777777777773
4.0,0.9444444444444444,0.045000000000000005,846.0,5.0,0.0,19.0,870.0,0.2285714285714286
4.0,0.9444444444444444,0.05,846.0,2.0,0.0,22.0,870.0,0.12121212121212122
4.0,1.1555555555555557,0.005,846.0,23.0,0.0,1.0,870.0,0.9752066115702479
4.0,1.1555555555555557,0.01,846.0,20.0,0.0,4.0,870.0,0.7843137254901961
4.0,1.1555555555555557,0.015000000000000001,846.0,18.0,0.0,6.0,870.0,0.7474747474747475
4.0,1.1555555555555557,0.02,846.0,15.0,0.0,9.0,870.0,0.5747126436781609
4.0,1.1555555555555557,0.025,844.0,11.0,2.0,13.0,870.0,0.5454545454545454
4.0,1.1555555555555557,0.030000000000000002,846.0,8.0,0.0,16.0,870.0,0.38961038961038963
4.0,1.1555555555555557,0.035,846.0,5.0,0.0,19.0,870.0,0.1492537313432836
4.0,1.1555555555555557,0.04,846.0,3.0,0.0,21.0,870.0,0.1492537313432836
4.0,1.1555555555555557,0.045000000000000005,846.0,2.0,0.0,22.0,870.0,0.0625
4.0,1.1555555555555557,0.05,846.0,1.0,0.0,23.0,870.0,0.031746031746031744
4.0,1.3666666666666667,0.005,846.0,23.0,0.0,1.0,870.0,0.9752066115702479
4.0,1.3666666666666667,0.01,846.0,20.0,0.0,4.0,870.0,0.7843137254901961
4.0,1.3666666666666667,0.015000000000000001,846.0,20.0,0.0,4.0,870.0,0.7843137254901961
4.0,1.3666666666666667,0.02,846.0,18.0,0.0,6.0,870.0,0.7346938775510204
4.0,1.3666666666666667,0.025,846.0,8.0,0.0,16.0,870.0,0.45000000000000007
4.0,1.3666666666666667,0.030000000000000002,846.0,14.0,0.0,10.0,870.0,0.5747126436781609
4.0,1.3666666666666667,0.035,846.0,6.0,0.0,18.0,870.0,0.3684210526315789
4.0,1.3666666666666667,0.04,669.0,10.0,177.0,14.0,870.0,0.09153318077803203
4.0,1.3666666666666667,0.045000000000000005,846.0,1.0,0.0,23.0,870.0,0.0625
4.0,1.3666666666666667,0.05,846.0,2.0,0.0,22.0,870.0,0.0625
4.0,1.5777777777777777,0.005,846.0,22.0,0.0,2.0,870.0,0.9666666666666666
4.0,1.5777777777777777,0.01,846.0,20.0,0.0,4.0,870.0,0.7843137254901961
4.0,1.5777777777777777,0.015000000000000001,846.0,20.0,0.0,4.0,870.0,0.7843137254901961
4.0,1.5777777777777777,0.02,846.0,20.0,0.0,4.0,870.0,0.7722772277227723
4.0,1.5777777777777777,0.025,845.0,17.0,1.0,7.0,870.0,0.6
4.0,1.5777777777777777,0.030000000000000002,846.0,5.0,0.0,19.0,870.0,0.2028985507246377
4.0,1.5777777777777777,0.035,698.0,10.0,148.0,14.0,870.0,0.16216216216216217
4.0,1.5777777777777777,0.04,846.0,8.0,0.0,16.0,870.0,0.2535211267605634
4.0,1.5777777777777777,0.045000000000000005,846.0,3.0,0.0,21.0,870.0,0.1492537313432836
4.0,1.5777777777777777,0.05,846.0,2.0,0.0,22.0,870.0,0.09230769230769231
4.0,1.7888888888888888,0.005,846.0,23.0,0.0,1.0,870.0,0.9752066115702479
4.0,1.7888888888888888,0.01,846.0,20.0,0.0,4.0,870.0,0.7843137254901961
4.0,1.7888888888888888,0.015000000000000001,846.0,20.0,0.0,4.0,870.0,0.7843137254901961
4.0,1.7888888888888888,0.02,846.0,20.0,0.0,4.0,870.0,0.7843137254901961
4.0,1.7888888888888888,0.025,846.0,18.0,0.0,6.0,870.0,0.7083333333333333
4.0,1.7888888888888888,0.030000000000000002,794.0,7.0,52.0,17.0,870.0,0.2333333333333333
4.0,1.7888888888888888,0.035,732.0,13.0,114.0,11.0,870.0,0.17363344051446947
4.0,1.7888888888888888,0.04,688.0,7.0,158.0,17.0,870.0,0.07537688442211055
4.0,1.7888888888888888,0.045000000000000005,788.0,14.0,58.0,10.0,870.0,0.3062200956937799
4.0,1.7888888888888888,0.05,729.0,9.0,117.0,15.0,870.0,0.1498371335504886
4.0,2.0,0.005,843.0,23.0,3.0,1.0,870.0,0.9354838709677419
4.0,2.0,0.01,846.0,20.0,0.0,4.0,870.0,0.7843137254901961
4.0,2.0,0.015000000000000001,846.0,20.0,0.0,4.0,870.0,0.7843137254901961
4.0,2.0,0.02,846.0,19.0,0.0,5.0,870.0,0.7722772277227723
4.0,2.0,0.025,846.0,19.0,0.0,5.0,870.0,0.7722772277227723
4.0,2.0,0.030000000000000002,846.0,5.0,0.0,19.0,870.0,0.3243243243243243
4.0,2.0,0.035,846.0,3.0,0.0,21.0,870.0,0.09230769230769231
4.0,2.0,0.04,567.0,9.0,279.0,15.0,870.0,0.06269592476489029
4.0,2.0,0.045000000000000005,708.0,10.0,138.0,14.0,870.0,0.13218390804597702
4.0,2.0,0.05,846.0,0.0,0.0,24.0,870.0,0.09230769230769231
5.0,0.1,0.005,821.0,0.0,0.0,49.0,870.0,0.0
5.0,0.1,0.01,821.0,0.0,0.0,49.0,870.0,0.0
5.0,0.1,0.015000000000000001,821.0,0.0,0.0,49.0,870.0,0.0
5.0,0.1,0.02,821.0,0.0,0.0,49.0,870.0,0.0
5.0,0.1,0.025,821.0,0.0,0.0,49.0,870.0,0.0
5.0,0.1,0.030000000000000002,821.0,0.0,0.0,49.0,870.0,0.0
5.0,0.1,0.035,821.0,0.0,0.0,49.0,870.0,0.0
5.0,0.1,0.04,821.0,0.0,0.0,49.0,870.0,0.0
5.0,0.1,0.045000000000000005,821.0,0.0,0.0,49.0,870.0,0.0
5.0,0.1,0.05,821.0,0.0,0.0,49.0,870.0,0.0
5.0,0.3111111111111111,0.005,821.0,16.0,0.0,33.0,870.0,0.5466666666666667
5.0,0.3111111111111111,0.01,821.0,9.0,0.0,40.0,870.0,0.3484848484848485
5.0,0.3111111111111111,0.015000000000000001,821.0,1.0,0.0,48.0,870.0,0.03603603603603604
5.0,0.3111111111111111,0.02,821.0,0.0,0.0,49.0,870.0,0.0
5.0,0.3111111111111111,0.025,821.0,0.0,0.0,49.0,870.0,0.0
5.0,0.3111111111111111,0.030000000000000002,821.0,0.0,0.0,49.0,870.0,0.0
5.0,0.3111111111111111,0.035,821.0,0.0,0.0,49.0,870.0,0.0
5.0,0.3111111111111111,0.04,821.0,0.0,0.0,49.0,870.0,0.0
5.0,0.3111111111111111,0.045000000000000005,821.0,0.0,0.0,49.0,870.0,0.0
5.0,0.3111111111111111,0.05,821.0,0.0,0.0,49.0,870.0,0.0
5.0,0.5222222222222221,0.005,821.0,35.0,0.0,14.0,870.0,0.898989898989899
5.0,0.5222222222222221,0.01,821.0,16.0,0.0,33.0,870.0,0.5170068027210885
5.0,0.5222222222222221,0.015000000000000001,821.0,16.0,0.0,33.0,870.0,0.5170068027210885
5.0,0.5222222222222221,0.02,821.0,14.0,0.0,35.0,870.0,0.44285714285714284
5.0,0.5222222222222221,0.025,821.0,8.0,0.0,41.0,870.0,0.3484848484848485
5.0,0.5222222222222221,0.030000000000000002,821.0,5.0,0.0,44.0,870.0,0.22764227642276422
5.0,0.5222222222222221,0.035,821.0,2.0,0.0,47.0,870.0,0.10434782608695652
5.0,0.5222222222222221,0.04,821.0,0.0,0.0,49.0,870.0,0.0
5.0,0.5222222222222221,0.045000000000000005,821.0,0.0,0.0,49.0,870.0,0.0
5.0,0.5222222222222221,0.05,821.0,0.0,0.0,49.0,870.0,0.0
5.0,0.7333333333333333,0.005,821.0,48.0,0.0,1.0,870.0,0.9813084112149533
5.0,0.7333333333333333,0.01,821.0,25.0,0.0,24.0,870.0,0.8152173913043478
5.0,0.7333333333333333,0.015000000000000001,821.0,16.0,0.0,33.0,870.0,0.5562913907284769
5.0,0.7333333333333333,0.02,821.0,16.0,0.0,33.0,870.0,0.5170068027210885
5.0,0.7333333333333333,0.025,821.0,16.0,0.0,33.0,870.0,0.5170068027210885
5.0,0.7333333333333333,0.030000000000000002,821.0,16.0,0.0,33.0,870.0,0.5170068027210885
5.0,0.7333333333333333,0.035,821.0,16.0,0.0,33.0,870.0,0.5170068027210885
5.0,0.7333333333333333,0.04,821.0,14.0,0.0,35.0,870.0,0.4755244755244756
5.0,0.7333333333333333,0.045000000000000005,821.0,14.0,0.0,35.0,870.0,0.4202898550724638
5.0,0.7333333333333333,0.05,821.0,10.0,0.0,39.0,870.0,0.31007751937984496
5.0,0.9444444444444444,0.005,821.0,49.0,0.0,0.0,870.0,1.0
5.0,0.9444444444444444,0.01,821.0,41.0,0.0,8.0,870.0,0.9261083743842364
5.0,0.9444444444444444,0.015000000000000001,821.0,17.0,0.0,32.0,870.0,0.628930817610063
5.0,0.9444444444444444,0.02,821.0,16.0,0.0,33.0,870.0,0.5170068027210885
5.0,0.9444444444444444,0.025,821.0,16.0,0.0,33.0,870.0,0.5170068027210885
5.0,0.9444444444444444,0.030000000000000002,821.0,16.0,0.0,33.0,870.0,0.5170068027210885
5.0,0.9444444444444444,0.035,821.0,16.0,0.0,33.0,870.0,0.5170068027210885
5.0,0.9444444444444444,0.04,821.0,15.0,0.0,34.0,870.0,0.5068493150684932
5.0,0.9444444444444444,0.045000000000000005,821.0,15.0,0.0,34.0,870.0,0.496551724137931
5.0,0.9444444444444444,0.05,821.0,15.0,0.0,34.0,870.0,0.496551724137931
5.0,1.1555555555555557,0.005,821.0,49.0,0.0,0.0,870.0,1.0
5.0,1.1555555555555557,0.01,821.0,46.0,0.0,3.0,870.0,0.9519230769230769
5.0,1.1555555555555557,0.015000000000000001,821.0,17.0,0.0,32.0,870.0,0.6459627329192547
5.0,1.1555555555555557,0.02,821.0,16.0,0.0,33.0,870.0,0.5170068027210885
5.0,1.1555555555555557,0.025,821.0,16.0,0.0,33.0,870.0,0.5135135135135136
5.0,1.1555555555555557,0.030000000000000002,821.0,16.0,0.0,33.0,870.0,0.5170068027210885
5.0,1.1555555555555557,0.035,821.0,16.0,0.0,33.0,870.0,0.5068493150684932
5.0,1.1555555555555557,0.04,821.0,16.0,0.0,33.0,870.0,0.5170068027210885
5.0,1.1555555555555557,0.045000000000000005,821.0,15.0,0.0,34.0,870.0,0.5068493150684932
5.0,1.1555555555555557,0.05,821.0,16.0,0.0,33.0,870.0,0.5068493150684932
5.0,1.3666666666666667,0.005,821.0,49.0,0.0,0.0,870.0,1.0
5.0,1.3666666666666667,0.01,821.0,47.0,0.0,2.0,870.0,0.966824644549763
5.0,1.3666666666666667,0.015000000000000001,821.0,18.0,0.0,31.0,870.0,0.6787878787878788
5.0,1.3666666666666667,0.02,821.0,16.0,0.0,33.0,870.0,0.5466666666666667
5.0,1.3666666666666667,0.025,821.0,16.0,0.0,33.0,870.0,0.5170068027210885
5.0,1.3666666666666667,0.030000000000000002,821.0,16.0,0.0,33.0,870.0,0.5170068027210885
5.0,1.3666666666666667,0.035,821.0,16.0,0.0,33.0,870.0,0.5135135135135136
5.0,1.3666666666666667,0.04,821.0,15.0,0.0,34.0,870.0,0.496551724137931
5.0,1.3666666666666667,0.045000000000000005,821.0,16.0,0.0,33.0,870.0,0.5170068027210885
5.0,1.3666666666666667,0.05,821.0,16.0,0.0,33.0,870.0,0.5170068027210885
5.0,1.5777777777777777,0.005,821.0,49.0,0.0,0.0,870.0,1.0
5.0,1.5777777777777777,0.01,821.0,49.0,0.0,0.0,870.0,0.9953917050691244
5.0,1.5777777777777777,0.015000000000000001,821.0,33.0,0.0,16.0,870.0,0.8279569892473119
5.0,1.5777777777777777,0.02,821.0,16.0,0.0,33.0,870.0,0.5562913907284769
5.0,1.5777777777777777,0.025,821.0,16.0,0.0,33.0,870.0,0.5170068027210885
5.0,1.5777777777777777,0.030000000000000002,821.0,16.0,0.0,33.0,870.0,0.5170068027210885
5.0,1.5777777777777777,0.035,821.0,16.0,0.0,33.0,870.0,0.5135135135135136
5.0,1.5777777777777777,0.04,821.0,16.0,0.0,33.0,870.0,0.5170068027210885
5.0,1.5777777777777777,0.045000000000000005,821.0,16.0,0.0,33.0,870.0,0.5170068027210885
5.0,1.5777777777777777,0.05,821.0,16.0,0.0,33.0,870.0,0.5170068027210885
5.0,1.7888888888888888,0.005,820.0,49.0,1.0,0.0,870.0,0.995433789954338
5.0,1.7888888888888888,0.01,821.0,48.0,0.0,1.0,870.0,0.986046511627907
5.0,1.7888888888888888,0.015000000000000001,821.0,18.0,0.0,31.0,870.0,0.6707317073170732
5.0,1.7888888888888888,0.02,821.0,16.0,0.0,33.0,870.0,0.5170068027210885
5.0,1.7888888888888888,0.025,821.0,16.0,0.0,33.0,870.0,0.5170068027210885
5.0,1.7888888888888888,0.030000000000000002,821.0,16.0,0.0,33.0,870.0,0.5170068027210885
5.0,1.7888888888888888,0.035,821.0,16.0,0.0,33.0,870.0,0.5170068027210885
5.0,1.7888888888888888,0.04,821.0,16.0,0.0,33.0,870.0,0.5170068027210885
5.0,1.7888888888888888,0.045000000000000005,821.0,16.0,0.0,33.0,870.0,0.5170068027210885
5.0,1.7888888888888888,0.05,821.0,16.0,0.0,33.0,870.0,0.5170068027210885
5.0,2.0,0.005,817.0,49.0,4.0,0.0,870.0,0.960352422907489
5.0,2.0,0.01,821.0,47.0,0.0,2.0,870.0,0.941747572815534
5.0,2.0,0.015000000000000001,821.0,16.0,0.0,33.0,870.0,0.5844155844155845
5.0,2.0,0.02,821.0,16.0,0.0,33.0,870.0,0.5751633986928105
5.0,2.0,0.025,821.0,16.0,0.0,33.0,870.0,0.5170068027210885
5.0,2.0,0.030000000000000002,821.0,16.0,0.0,33.0,870.0,0.5170068027210885
5.0,2.0,0.035,821.0,16.0,0.0,33.0,870.0,0.5170068027210885
5.0,2.0,0.04,821.0,16.0,0.0,33.0,870.0,0.5170068027210885
5.0,2.0,0.045000000000000005,821.0,16.0,0.0,33.0,870.0,0.5170068027210885
5.0,2.0,0.05,821.0,16.0,0.0,33.0,870.0,0.5170068027210885
6.0,0.1,0.005,850.0,0.0,0.0,20.0,870.0,0.0
6.0,0.1,0.01,850.0,0.0,0.0,20.0,870.0,0.0
6.0,0.1,0.015000000000000001,850.0,0.0,0.0,20.0,870.0,0.0
6.0,0.1,0.02,850.0,0.0,0.0,20.0,870.0,0.0
6.0,0.1,0.025,850.0,0.0,0.0,20.0,870.0,0.0
6.0,0.1,0.030000000000000002,850.0,0.0,0.0,20.0,870.0,0.0
6.0,0.1,0.035,850.0,0.0,0.0,20.0,870.0,0.0
6.0,0.1,0.04,850.0,0.0,0.0,20.0,870.0,0.0
6.0,0.1,0.045000000000000005,850.0,0.0,0.0,20.0,870.0,0.0
6.0,0.1,0.05,850.0,0.0,0.0,20.0,870.0,0.0
6.0,0.3111111111111111,0.005,850.0,15.0,0.0,5.0,870.0,0.7339449541284404
6.0,0.3111111111111111,0.01,850.0,11.0,0.0,9.0,870.0,0.5918367346938774
6.0,0.3111111111111111,0.015000000000000001,850.0,2.0,0.0,18.0,870.0,0.05633802816901409
6.0,0.3111111111111111,0.02,850.0,1.0,0.0,19.0,870.0,0.02857142857142857
6.0,0.3111111111111111,0.025,850.0,0.0,0.0,20.0,870.0,0.0
6.0,0.3111111111111111,0.030000000000000002,850.0,0.0,0.0,20.0,870.0,0.0
6.0,0.3111111111111111,0.035,850.0,0.0,0.0,20.0,870.0,0.0
6.0,0.3111111111111111,0.04,850.0,0.0,0.0,20.0,870.0,0.0
6.0,0.3111111111111111,0.045000000000000005,850.0,0.0,0.0,20.0,870.0,0.0
6.0,0.3111111111111111,0.05,850.0,0.0,0.0,20.0,870.0,0.0
6.0,0.5222222222222221,0.005,850.0,20.0,0.0,0.0,870.0,0.9545454545454545
6.0,0.5222222222222221,0.01,850.0,18.0,0.0,2.0,870.0,0.810344827586207
6.0,0.5222222222222221,0.015000000000000001,850.0,14.0,0.0,6.0,870.0,0.6730769230769231
6.0,0.5222222222222221,0.02,850.0,13.0,0.0,7.0,870.0,0.6601941747572816
6.0,0.5222222222222221,0.025,850.0,9.0,0.0,11.0,870.0,0.48351648351648346
6.0,0.5222222222222221,0.030000000000000002,850.0,6.0,0.0,14.0,870.0,0.3170731707317073
6.0,0.5222222222222221,0.035,850.0,5.0,0.0,15.0,870.0,0.1842105263157895
6.0,0.5222222222222221,0.04,850.0,1.0,0.0,19.0,870.0,0.02857142857142857
6.0,0.5222222222222221,0.045000000000000005,850.0,0.0,0.0,20.0,870.0,0.0
6.0,0.5222222222222221,0.05,850.0,0.0,0.0,20.0,870.0,0.0
6.0,0.7333333333333333,0.005,850.0,20.0,0.0,0.0,870.0,0.9927007299270074
6.0,0.7333333333333333,0.01,850.0,20.0,0.0,0.0,870.0,0.9465648854961832
6.0,0.7333333333333333,0.015000000000000001,850.0,19.0,0.0,1.0,870.0,0.8403361344537814
6.0,0.7333333333333333,0.02,850.0,15.0,0.0,5.0,870.0,0.7102803738317757
6.0,0.7333333333333333,0.025,850.0,14.0,0.0,6.0,870.0,0.6730769230769231
6.0,0.7333333333333333,0.030000000000000002,850.0,14.0,0.0,6.0,870.0,0.6730769230769231
6.0,0.7333333333333333,0.035,850.0,13.0,0.0,7.0,870.0,0.6470588235294118
6.0,0.7333333333333333,0.04,850.0,13.0,0.0,7.0,870.0,0.6601941747572816
6.0,0.7333333333333333,0.045000000000000005,850.0,11.0,0.0,9.0,870.0,0.5625
6.0,0.7333333333333333,0.05,850.0,10.0,0.0,10.0,870.0,0.5319148936170213
6.0,0.9444444444444444,0.005,850.0,20.0,0.0,0.0,870.0,1.0
6.0,0.9444444444444444,0.01,850.0,20.0,0.0,0.0,870.0,0.9624060150375939
6.0,0.9444444444444444,0.015000000000000001,850.0,20.0,0.0,0.0,870.0,0.9133858267716535
6.0,0.9444444444444444,0.02,850.0,19.0,0.0,1.0,870.0,0.8403361344537814
6.0,0.9444444444444444,0.025,850.0,16.0,0.0,4.0,870.0,0.7567567567567568
6.0,0.9444444444444444,0.030000000000000002,850.0,14.0,0.0,6.0,870.0,0.6730769230769231
6.0,0.9444444444444444,0.035,850.0,14.0,0.0,6.0,870.0,0.6730769230769231
6.0,0.9444444444444444,0.04,850.0,14.0,0.0,6.0,870.0,0.6601941747572816
6.0,0.9444444444444444,0.045000000000000005,850.0,13.0,0.0,7.0,870.0,0.62
6.0,0.9444444444444444,0.05,850.0,14.0,0.0,6.0,870.0,0.6730769230769231
6.0,1.1555555555555557,0.005,850.0,20.0,0.0,0.0,870.0,1.0
6.0,1.1555555555555557,0.01,850.0,20.0,0.0,0.0,870.0,0.9852941176470589
6.0,1.1555555555555557,0.015000000000000001,850.0,19.0,0.0,1.0,870.0,0.921875
6.0,1.1555555555555557,0.02,850.0,20.0,0.0,0.0,870.0,0.9133858267716535
6.0,1.1555555555555557,0.025,850.0,20.0,0.0,0.0,870.0,0.8205128205128205
6.0,1.1555555555555557,0.030000000000000002,850.0,17.0,0.0,3.0,870.0,0.7567567567567568
6.0,1.1555555555555557,0.035,849.0,14.0,1.0,6.0,870.0,0.6666666666666666
6.0,1.1555555555555557,0.04,850.0,14.0,0.0,6.0,870.0,0.6601941747572816
6.0,1.1555555555555557,0.045000000000000005,850.0,14.0,0.0,6.0,870.0,0.6730769230769231
6.0,1.1555555555555557,0.05,850.0,14.0,0.0,6.0,870.0,0.6601941747572816
6.0,1.3666666666666667,0.005,849.0,20.0,1.0,0.0,870.0,0.9855072463768116
6.0,1.3666666666666667,0.01,850.0,20.0,0.0,0.0,870.0,0.9927007299270074
6.0,1.3666666666666667,0.015000000000000001,850.0,20.0,0.0,0.0,870.0,0.9624060150375939
6.0,1.3666666666666667,0.02,850.0,20.0,0.0,0.0,870.0,0.921875
6.0,1.3666666666666667,0.025,850.0,20.0,0.0,0.0,870.0,0.896
6.0,1.3666666666666667,0.030000000000000002,850.0,20.0,0.0,0.0,870.0,0.8
6.0,1.3666666666666667,0.035,850.0,19.0,0.0,1.0,870.0,0.7339449541284404
6.0,1.3666666666666667,0.04,850.0,16.0,0.0,4.0,870.0,0.6981132075471698
6.0,1.3666666666666667,0.045000000000000005,850.0,15.0,0.0,5.0,870.0,0.6857142857142856
6.0,1.3666666666666667,0.05,850.0,14.0,0.0,6.0,870.0,0.6601941747572816
6.0,1.5777777777777777,0.005,848.0,20.0,2.0,0.0,870.0,0.9645390070921985
6.0,1.5777777777777777,0.01,850.0,20.0,0.0,0.0,870.0,0.9927007299270074
6.0,1.5777777777777777,0.015000000000000001,850.0,19.0,0.0,1.0,870.0,0.9777777777777777
6.0,1.5777777777777777,0.02,850.0,20.0,0.0,0.0,870.0,0.9465648854961832
6.0,1.5777777777777777,0.025,850.0,20.0,0.0,0.0,870.0,0.9302325581395349
6.0,1.5777777777777777,0.030000000000000002,850.0,20.0,0.0,0.0,870.0,0.878048780487805
6.0,1.5777777777777777,0.035,850.0,20.0,0.0,0.0,870.0,0.8
6.0,1.5777777777777777,0.04,850.0,18.0,0.0,2.0,870.0,0.7222222222222222
6.0,1.5777777777777777,0.045000000000000005,850.0,16.0,0.0,4.0,870.0,0.6981132075471698
6.0,1.5777777777777777,0.05,850.0,16.0,0.0,4.0,870.0,0.6730769230769231
6.0,1.7888888888888888,0.005,844.0,20.0,6.0,0.0,870.0,0.9006622516556291
6.0,1.7888888888888888,0.01,849.0,20.0,1.0,0.0,870.0,0.9855072463768116
6.0,1.7888888888888888,0.015000000000000001,850.0,20.0,0.0,0.0,870.0,0.9852941176470589
6.0,1.7888888888888888,0.02,850.0,20.0,0.0,0.0,870.0,0.9545454545454545
6.0,1.7888888888888888,0.025,850.0,20.0,0.0,0.0,870.0,0.9302325581395349
6.0,1.7888888888888888,0.030000000000000002,850.0,20.0,0.0,0.0,870.0,0.8870967741935484
6.0,1.7888888888888888,0.035,850.0,20.0,0.0,0.0,870.0,0.7894736842105263
6.0,1.7888888888888888,0.04,850.0,19.0,0.0,1.0,870.0,0.7454545454545455
6.0,1.7888888888888888,0.045000000000000005,850.0,18.0,0.0,2.0,870.0,0.7222222222222222
6.0,1.7888888888888888,0.05,850.0,16.0,0.0,4.0,870.0,0.6981132075471698
6.0,2.0,0.005,839.0,20.0,11.0,0.0,870.0,0.8095238095238095
6.0,2.0,0.01,850.0,20.0,0.0,0.0,870.0,0.9781021897810219
6.0,2.0,0.015000000000000001,850.0,20.0,0.0,0.0,870.0,0.9777777777777777
6.0,2.0,0.02,850.0,20.0,0.0,0.0,870.0,0.9545454545454545
6.0,2.0,0.025,850.0,20.0,0.0,0.0,870.0,0.9302325581395349
6.0,2.0,0.030000000000000002,850.0,20.0,0.0,0.0,870.0,0.8870967741935484
6.0,2.0,0.035,850.0,20.0,0.0,0.0,870.0,0.8
6.0,2.0,0.04,850.0,19.0,0.0,1.0,870.0,0.7454545454545455
6.0,2.0,0.045000000000000005,850.0,20.0,0.0,0.0,870.0,0.7787610619469026
6.0,2.0,0.05,850.0,17.0,0.0,3.0,870.0,0.7102803738317757
7.0,0.1,0.005,822.0,0.0,0.0,48.0,870.0,0.0
7.0,0.1,0.01,822.0,0.0,0.0,48.0,870.0,0.0
7.0,0.1,0.015000000000000001,822.0,0.0,0.0,48.0,870.0,0.0
7.0,0.1,0.02,822.0,0.0,0.0,48.0,870.0,0.0
7.0,0.1,0.025,822.0,0.0,0.0,48.0,870.0,0.0
7.0,0.1,0.030000000000000002,822.0,0.0,0.0,48.0,870.0,0.0
7.0,0.1,0.035,822.0,0.0,0.0,48.0,870.0,0.0
7.0,0.1,0.04,822.0,0.0,0.0,48.0,870.0,0.0
7.0,0.1,0.045000000000000005,822.0,0.0,0.0,48.0,870.0,0.0
7.0,0.1,0.05,822.0,0.0,0.0,48.0,870.0,0.0
7.0,0.3111111111111111,0.005,822.0,32.0,0.0,16.0,870.0,0.8
7.0,0.3111111111111111,0.01,821.0,29.0,1.0,19.0,870.0,0.7605633802816901
7.0,0.3111111111111111,0.015000000000000001,822.0,19.0,0.0,29.0,870.0,0.5128205128205129
7.0,0.3111111111111111,0.02,822.0,16.0,0.0,32.0,870.0,0.4324324324324324
7.0,0.3111111111111111,0.025,822.0,6.0,0.0,42.0,870.0,0.16842105263157897
7.0,0.3111111111111111,0.030000000000000002,822.0,0.0,0.0,48.0,870.0,0.0
7.0,0.3111111111111111,0.035,822.0,0.0,0.0,48.0,870.0,0.0
7.0,0.3111111111111111,0.04,822.0,0.0,0.0,48.0,870.0,0.0
7.0,0.3111111111111111,0.045000000000000005,822.0,0.0,0.0,48.0,870.0,0.0
7.0,0.3111111111111111,0.05,822.0,0.0,0.0,48.0,870.0,0.0
7.0,0.5222222222222221,0.005,822.0,37.0,0.0,11.0,870.0,0.8400000000000001
7.0,0.5222222222222221,0.01,822.0,32.0,0.0,16.0,870.0,0.8
7.0,0.5222222222222221,0.015000000000000001,822.0,32.0,0.0,16.0,870.0,0.8
7.0,0.5222222222222221,0.02,822.0,32.0,0.0,16.0,870.0,0.8
7.0,0.5222222222222221,0.025,822.0,26.0,0.0,22.0,870.0,0.7111111111111111
7.0,0.5222222222222221,0.030000000000000002,822.0,20.0,0.0,28.0,870.0,0.5254237288135594
7.0,0.5222222222222221,0.035,822.0,19.0,0.0,29.0,870.0,0.4869565217391304
7.0,0.5222222222222221,0.04,822.0,18.0,0.0,30.0,870.0,0.4736842105263158
7.0,0.5222222222222221,0.045000000000000005,822.0,16.0,0.0,32.0,870.0,0.4324324324324324
7.0,0.5222222222222221,0.05,822.0,12.0,0.0,36.0,870.0,0.29411764705882354
7.0,0.7333333333333333,0.005,822.0,43.0,0.0,5.0,870.0,0.9125
7.0,0.7333333333333333,0.01,822.0,30.0,0.0,18.0,870.0,0.7832167832167831
7.0,0.7333333333333333,0.015000000000000001,822.0,32.0,0.0,16.0,870.0,0.7916666666666666
7.0,0.7333333333333333,0.02,822.0,32.0,0.0,16.0,870.0,0.8
7.0,0.7333333333333333,0.025,822.0,32.0,0.0,16.0,870.0,0.8
7.0,0.7333333333333333,0.030000000000000002,822.0,32.0,0.0,16.0,870.0,0.8
7.0,0.7333333333333333,0.035,822.0,32.0,0.0,16.0,870.0,0.8
7.0,0.7333333333333333,0.04,822.0,28.0,0.0,20.0,870.0,0.7482014388489209
7.0,0.7333333333333333,0.045000000000000005,822.0,26.0,0.0,22.0,870.0,0.7014925373134328
7.0,0.7333333333333333,0.05,822.0,19.0,0.0,29.0,870.0,0.5254237288135594
7.0,0.9444444444444444,0.005,822.0,46.0,0.0,2.0,870.0,0.9704142011834319
7.0,0.9444444444444444,0.01,822.0,33.0,0.0,15.0,870.0,0.8082191780821918
7.0,0.9444444444444444,0.015000000000000001,822.0,32.0,0.0,16.0,870.0,0.8
7.0,0.9444444444444444,0.02,822.0,32.0,0.0,16.0,870.0,0.8
7.0,0.9444444444444444,0.025,822.0,32.0,0.0,16.0,870.0,0.8
7.0,0.9444444444444444,0.030000000000000002,822.0,32.0,0.0,16.0,870.0,0.7916666666666666
7.0,0.9444444444444444,0.035,822.0,32.0,0.0,16.0,870.0,0.8
7.0,0.9444444444444444,0.04,822.0,32.0,0.0,16.0,870.0,0.8
7.0,0.9444444444444444,0.045000000000000005,822.0,31.0,0.0,17.0,870.0,0.7916666666666666
7.0,0.9444444444444444,0.05,822.0,30.0,0.0,18.0,870.0,0.7659574468085107
7.0,1.1555555555555557,0.005,822.0,48.0,0.0,0.0,870.0,0.9883720930232558
7.0,1.1555555555555557,0.01,822.0,34.0,0.0,14.0,870.0,0.8163265306122449
7.0,1.1555555555555557,0.015000000000000001,822.0,32.0,0.0,16.0,870.0,0.8
7.0,1.1555555555555557,0.02,822.0,32.0,0.0,16.0,870.0,0.8
7.0,1.1555555555555557,0.025,822.0,32.0,0.0,16.0,870.0,0.8
7.0,1.1555555555555557,0.030000000000000002,822.0,32.0,0.0,16.0,870.0,0.8
7.0,1.1555555555555557,0.035,822.0,31.0,0.0,17.0,870.0,0.7916666666666666
7.0,1.1555555555555557,0.04,822.0,32.0,0.0,16.0,870.0,0.8
7.0,1.1555555555555557,0.045000000000000005,822.0,32.0,0.0,16.0,870.0,0.8
7.0,1.1555555555555557,0.05,822.0,32.0,0.0,16.0,870.0,0.8
7.0,1.3666666666666667,0.005,822.0,47.0,0.0,1.0,870.0,0.9824561403508771
7.0,1.3666666666666667,0.01,822.0,35.0,0.0,13.0,870.0,0.8243243243243243
7.0,1.3666666666666667,0.015000000000000001,822.0,32.0,0.0,16.0,870.0,0.8
7.0,1.3666666666666667,0.02,822.0,32.0,0.0,16.0,870.0,0.8
7.0,1.3666666666666667,0.025,822.0,32.0,0.0,16.0,870.0,0.8
7.0,1.3666666666666667,0.030000000000000002,822.0,31.0,0.0,17.0,870.0,0.7916666666666666
7.0,1.3666666666666667,0.035,822.0,32.0,0.0,16.0,870.0,0.8
7.0,1.3666666666666667,0.04,822.0,32.0,0.0,16.0,870.0,0.8
7.0,1.3666666666666667,0.045000000000000005,822.0,31.0,0.0,17.0,870.0,0.7916666666666666
7.0,1.3666666666666667,0.05,822.0,32.0,0.0,16.0,870.0,0.8
7.0,1.5777777777777777,0.005,815.0,45.0,7.0,3.0,870.0,0.8950276243093922
7.0,1.5777777777777777,0.01,822.0,35.0,0.0,13.0,870.0,0.8243243243243243
7.0,1.5777777777777777,0.015000000000000001,822.0,32.0,0.0,16.0,870.0,0.8
7.0,1.5777777777777777,0.02,822.0,32.0,0.0,16.0,870.0,0.8
7.0,1.5777777777777777,0.025,822.0,32.0,0.0,16.0,870.0,0.8
7.0,1.5777777777777777,0.030000000000000002,822.0,32.0,0.0,16.0,870.0,0.8
7.0,1.5777777777777777,0.035,822.0,32.0,0.0,16.0,870.0,0.8
7.0,1.5777777777777777,0.04,822.0,31.0,0.0,17.0,870.0,0.7916666666666666
7.0,1.5777777777777777,0.045000000000000005,822.0,32.0,0.0,16.0,870.0,0.8
7.0,1.5777777777777777,0.05,822.0,32.0,0.0,16.0,870.0,0.8
7.0,1.7888888888888888,0.005,798.0,43.0,24.0,5.0,870.0,0.7899999999999999
7.0,1.7888888888888888,0.01,822.0,33.0,0.0,15.0,870.0,0.8082191780821918
7.0,1.7888888888888888,0.015000000000000001,822.0,32.0,0.0,16.0,870.0,0.8
7.0,1.7888888888888888,0.02,822.0,32.0,0.0,16.0,870.0,0.8
7.0,1.7888888888888888,0.025,822.0,32.0,0.0,16.0,870.0,0.8
7.0,1.7888888888888888,0.030000000000000002,822.0,32.0,0.0,16.0,870.0,0.8
7.0,1.7888888888888888,0.035,822.0,31.0,0.0,17.0,870.0,0.7916666666666666
7.0,1.7888888888888888,0.04,822.0,32.0,0.0,16.0,870.0,0.8
7.0,1.7888888888888888,0.045000000000000005,822.0,32.0,0.0,16.0,870.0,0.8
7.0,1.7888888888888888,0.05,822.0,32.0,0.0,16.0,870.0,0.8
7.0,2.0,0.005,791.0,43.0,31.0,5.0,870.0,0.7314814814814815
7.0,2.0,0.01,822.0,32.0,0.0,16.0,870.0,0.8
7.0,2.0,0.015000000000000001,822.0,32.0,0.0,16.0,870.0,0.8
7.0,2.0,0.02,822.0,32.0,0.0,16.0,870.0,0.8
7.0,2.0,0.025,822.0,32.0,0.0,16.0,870.0,0.8
7.0,2.0,0.030000000000000002,822.0,32.0,0.0,16.0,870.0,0.8
7.0,2.0,0.035,822.0,32.0,0.0,16.0,870.0,0.8
7.0,2.0,0.04,822.0,32.0,0.0,16.0,870.0,0.8
7.0,2.0,0.045000000000000005,822.0,32.0,0.0,16.0,870.0,0.8
7.0,2.0,0.05,822.0,32.0,0.0,16.0,870.0,0.8
8.0,0.1,0.005,833.0,0.0,0.0,37.0,870.0,0.0
8.0,0.1,0.01,833.0,0.0,0.0,37.0,870.0,0.0
8.0,0.1,0.015000000000000001,833.0,0.0,0.0,37.0,870.0,0.0
8.0,0.1,0.02,833.0,0.0,0.0,37.0,870.0,0.0
8.0,0.1,0.025,833.0,0.0,0.0,37.0,870.0,0.0
8.0,0.1,0.030000000000000002,832.0,0.0,1.0,37.0,870.0,0.0
8.0,0.1,0.035,833.0,0.0,0.0,37.0,870.0,0.0
8.0,0.1,0.04,833.0,0.0,0.0,37.0,870.0,0.0
8.0,0.1,0.045000000000000005,833.0,0.0,0.0,37.0,870.0,0.0
8.0,0.1,0.05,833.0,0.0,0.0,37.0,870.0,0.0
8.0,0.3111111111111111,0.005,833.0,28.0,0.0,9.0,870.0,0.851063829787234
8.0,0.3111111111111111,0.01,833.0,27.0,0.0,10.0,870.0,0.8131868131868133
8.0,0.3111111111111111,0.015000000000000001,833.0,22.0,0.0,15.0,870.0,0.6987951807228916
8.0,0.3111111111111111,0.02,833.0,19.0,0.0,18.0,870.0,0.6153846153846153
8.0,0.3111111111111111,0.025,833.0,17.0,0.0,20.0,870.0,0.5789473684210525
8.0,0.3111111111111111,0.030000000000000002,833.0,11.0,0.0,26.0,870.0,0.3880597014925373
8.0,0.3111111111111111,0.035,832.0,3.0,1.0,34.0,870.0,0.10344827586206895
8.0,0.3111111111111111,0.04,833.0,0.0,0.0,37.0,870.0,0.0
8.0,0.3111111111111111,0.045000000000000005,833.0,0.0,0.0,37.0,870.0,0.0
8.0,0.3111111111111111,0.05,833.0,0.0,0.0,37.0,870.0,0.0
8.0,0.5222222222222221,0.005,833.0,30.0,0.0,7.0,870.0,0.8865979381443299
8.0,0.5222222222222221,0.01,833.0,28.0,0.0,9.0,870.0,0.851063829787234
8.0,0.5222222222222221,0.015000000000000001,833.0,27.0,0.0,10.0,870.0,0.8387096774193548
8.0,0.5222222222222221,0.02,833.0,28.0,0.0,9.0,870.0,0.851063829787234
8.0,0.5222222222222221,0.025,833.0,22.0,0.0,15.0,870.0,0.7142857142857143
8.0,0.5222222222222221,0.030000000000000002,833.0,22.0,0.0,15.0,870.0,0.6829268292682926
8.0,0.5222222222222221,0.035,833.0,22.0,0.0,15.0,870.0,0.6829268292682926
8.0,0.5222222222222221,0.04,833.0,20.0,0.0,17.0,870.0,0.6329113924050632
8.0,0.5222222222222221,0.045000000000000005,833.0,19.0,0.0,18.0,870.0,0.6153846153846153
8.0,0.5222222222222221,0.05,833.0,18.0,0.0,19.0,870.0,0.5974025974025974
8.0,0.7333333333333333,0.005,833.0,35.0,0.0,2.0,870.0,0.9514563106796117
8.0,0.7333333333333333,0.01,833.0,28.0,0.0,9.0,870.0,0.851063829787234
8.0,0.7333333333333333,0.015000000000000001,833.0,28.0,0.0,9.0,870.0,0.851063829787234
8.0,0.7333333333333333,0.02,833.0,28.0,0.0,9.0,870.0,0.851063829787234
8.0,0.7333333333333333,0.025,833.0,28.0,0.0,9.0,870.0,0.851063829787234
8.0,0.7333333333333333,0.030000000000000002,833.0,28.0,0.0,9.0,870.0,0.851063829787234
8.0,0.7333333333333333,0.035,833.0,23.0,0.0,14.0,870.0,0.7294117647058824
8.0,0.7333333333333333,0.04,833.0,22.0,0.0,15.0,870.0,0.6987951807228916
8.0,0.7333333333333333,0.045000000000000005,833.0,22.0,0.0,15.0,870.0,0.6829268292682926
8.0,0.7333333333333333,0.05,833.0,22.0,0.0,15.0,870.0,0.6829268292682926
8.0,0.9444444444444444,0.005,833.0,36.0,0.0,1.0,870.0,0.9714285714285714
8.0,0.9444444444444444,0.01,833.0,29.0,0.0,8.0,870.0,0.851063829787234
8.0,0.9444444444444444,0.015000000000000001,833.0,28.0,0.0,9.0,870.0,0.851063829787234
8.0,0.9444444444444444,0.02,833.0,28.0,0.0,9.0,870.0,0.851063829787234
8.0,0.9444444444444444,0.025,833.0,28.0,0.0,9.0,870.0,0.8387096774193548
8.0,0.9444444444444444,0.030000000000000002,833.0,28.0,0.0,9.0,870.0,0.851063829787234
8.0,0.9444444444444444,0.035,833.0,28.0,0.0,9.0,870.0,0.851063829787234
8.0,0.9444444444444444,0.04,833.0,23.0,0.0,14.0,870.0,0.7294117647058824
8.0,0.9444444444444444,0.045000000000000005,833.0,22.0,0.0,15.0,870.0,0.6829268292682926
8.0,0.9444444444444444,0.05,833.0,22.0,0.0,15.0,870.0,0.6829268292682926
8.0,1.1555555555555557,0.005,833.0,35.0,0.0,2.0,870.0,0.9615384615384615
8.0,1.1555555555555557,0.01,833.0,30.0,0.0,7.0,870.0,0.8750000000000001
8.0,1.1555555555555557,0.015000000000000001,833.0,28.0,0.0,9.0,870.0,0.851063829787234
8.0,1.1555555555555557,0.02,833.0,28.0,0.0,9.0,870.0,0.851063829787234
8.0,1.1555555555555557,0.025,833.0,28.0,0.0,9.0,870.0,0.851063829787234
8.0,1.1555555555555557,0.030000000000000002,833.0,28.0,0.0,9.0,870.0,0.851063829787234
8.0,1.1555555555555557,0.035,833.0,28.0,0.0,9.0,870.0,0.851063829787234
8.0,1.1555555555555557,0.04,833.0,23.0,0.0,14.0,870.0,0.7294117647058824
8.0,1.1555555555555557,0.045000000000000005,833.0,22.0,0.0,15.0,870.0,0.6829268292682926
8.0,1.1555555555555557,0.05,833.0,22.0,0.0,15.0,870.0,0.6829268292682926
8.0,1.3666666666666667,0.005,831.0,35.0,2.0,2.0,870.0,0.9357798165137615
8.0,1.3666666666666667,0.01,833.0,34.0,0.0,3.0,870.0,0.92
8.0,1.3666666666666667,0.015000000000000001,833.0,28.0,0.0,9.0,870.0,0.851063829787234
8.0,1.3666666666666667,0.02,833.0,28.0,0.0,9.0,870.0,0.851063829787234
8.0,1.3666666666666667,0.025,833.0,28.0,0.0,9.0,870.0,0.851063829787234
8.0,1.3666666666666667,0.030000000000000002,833.0,28.0,0.0,9.0,870.0,0.8387096774193548
8.0,1.3666666666666667,0.035,833.0,28.0,0.0,9.0,870.0,0.851063829787234
8.0,1.3666666666666667,0.04,833.0,28.0,0.0,9.0,870.0,0.851063829787234
8.0,1.3666666666666667,0.045000000000000005,833.0,22.0,0.0,15.0,870.0,0.6829268292682926
8.0,1.3666666666666667,0.05,833.0,22.0,0.0,15.0,870.0,0.6829268292682926
8.0,1.5777777777777777,0.005,827.0,35.0,6.0,2.0,870.0,0.85
8.0,1.5777777777777777,0.01,833.0,34.0,0.0,3.0,870.0,0.9306930693069307
8.0,1.5777777777777777,0.015000000000000001,833.0,28.0,0.0,9.0,870.0,0.851063829787234
8.0,1.5777777777777777,0.02,833.0,28.0,0.0,9.0,870.0,0.851063829787234
8.0,1.5777777777777777,0.025,833.0,28.0,0.0,9.0,870.0,0.851063829787234
8.0,1.5777777777777777,0.030000000000000002,833.0,28.0,0.0,9.0,870.0,0.851063829787234
8.0,1.5777777777777777,0.035,833.0,28.0,0.0,9.0,870.0,0.851063829787234
8.0,1.5777777777777777,0.04,833.0,22.0,0.0,15.0,870.0,0.6829268292682926
8.0,1.5777777777777777,0.045000000000000005,833.0,22.0,0.0,15.0,870.0,0.6829268292682926
8.0,1.5777777777777777,0.05,833.0,22.0,0.0,15.0,870.0,0.6829268292682926
8.0,1.7888888888888888,0.005,824.0,36.0,9.0,1.0,870.0,0.832
8.0,1.7888888888888888,0.01,833.0,34.0,0.0,3.0,870.0,0.9306930693069307
8.0,1.7888888888888888,0.015000000000000001,833.0,28.0,0.0,9.0,870.0,0.851063829787234
8.0,1.7888888888888888,0.02,833.0,28.0,0.0,9.0,870.0,0.851063829787234
8.0,1.7888888888888888,0.025,833.0,28.0,0.0,9.0,870.0,0.8387096774193548
8.0,1.7888888888888888,0.030000000000000002,833.0,28.0,0.0,9.0,870.0,0.851063829787234
8.0,1.7888888888888888,0.035,833.0,28.0,0.0,9.0,870.0,0.851063829787234
8.0,1.7888888888888888,0.04,833.0,22.0,0.0,15.0,870.0,0.6829268292682926
8.0,1.7888888888888888,0.045000000000000005,833.0,22.0,0.0,15.0,870.0,0.6829268292682926
8.0,1.7888888888888888,0.05,833.0,22.0,0.0,15.0,870.0,0.6829268292682926
8.0,2.0,0.005,819.0,35.0,14.0,2.0,870.0,0.7500000000000001
8.0,2.0,0.01,830.0,34.0,3.0,3.0,870.0,0.8703703703703703
8.0,2.0,0.015000000000000001,833.0,31.0,0.0,6.0,870.0,0.8865979381443299
8.0,2.0,0.02,833.0,28.0,0.0,9.0,870.0,0.851063829787234
8.0,2.0,0.025,833.0,28.0,0.0,9.0,870.0,0.851063829787234
8.0,2.0,0.030000000000000002,833.0,28.0,0.0,9.0,870.0,0.851063829787234
8.0,2.0,0.035,833.0,22.0,0.0,15.0,870.0,0.6829268292682926
8.0,2.0,0.04,833.0,22.0,0.0,15.0,870.0,0.6829268292682926
8.0,2.0,0.045000000000000005,833.0,22.0,0.0,15.0,870.0,0.6829268292682926
8.0,2.0,0.05,833.0,22.0,0.0,15.0,870.0,0.6829268292682926
9.0,0.1,0.005,826.0,0.0,0.0,44.0,870.0,0.0
9.0,0.1,0.01,826.0,0.0,0.0,44.0,870.0,0.0
9.0,0.1,0.015000000000000001,826.0,0.0,0.0,44.0,870.0,0.0
9.0,0.1,0.02,826.0,0.0,0.0,44.0,870.0,0.0
9.0,0.1,0.025,826.0,0.0,0.0,44.0,870.0,0.0
9.0,0.1,0.030000000000000002,826.0,0.0,0.0,44.0,870.0,0.0
9.0,0.1,0.035,826.0,0.0,0.0,44.0,870.0,0.0
9.0,0.1,0.04,826.0,0.0,0.0,44.0,870.0,0.0
9.0,0.1,0.045000000000000005,826.0,0.0,0.0,44.0,870.0,0.0
9.0,0.1,0.05,826.0,0.0,0.0,44.0,870.0,0.0
9.0,0.3111111111111111,0.005,826.0,7.0,0.0,37.0,870.0,0.5405405405405406
9.0,0.3111111111111111,0.01,826.0,5.0,0.0,39.0,870.0,0.4460431654676259
9.0,0.3111111111111111,0.015000000000000001,826.0,1.0,0.0,43.0,870.0,0.03636363636363636
9.0,0.3111111111111111,0.02,826.0,0.0,0.0,44.0,870.0,0.0
9.0,0.3111111111111111,0.025,826.0,0.0,0.0,44.0,870.0,0.0
9.0,0.3111111111111111,0.030000000000000002,826.0,0.0,0.0,44.0,870.0,0.0
9.0,0.3111111111111111,0.035,826.0,0.0,0.0,44.0,870.0,0.0
9.0,0.3111111111111111,0.04,826.0,0.0,0.0,44.0,870.0,0.0
9.0,0.3111111111111111,0.045000000000000005,826.0,0.0,0.0,44.0,870.0,0.0
9.0,0.3111111111111111,0.05,826.0,0.0,0.0,44.0,870.0,0.0
9.0,0.5222222222222221,0.005,826.0,19.0,0.0,25.0,870.0,0.8
9.0,0.5222222222222221,0.01,826.0,6.0,0.0,38.0,870.0,0.5405405405405406
9.0,0.5222222222222221,0.015000000000000001,826.0,6.0,0.0,38.0,870.0,0.5
9.0,0.5222222222222221,0.02,826.0,6.0,0.0,38.0,870.0,0.48951048951048953
9.0,0.5222222222222221,0.025,826.0,4.0,0.0,40.0,870.0,0.3511450381679389
9.0,0.5222222222222221,0.030000000000000002,826.0,2.0,0.0,42.0,870.0,0.10526315789473684
9.0,0.5222222222222221,0.035,826.0,0.0,0.0,44.0,870.0,0.018348623853211007
9.0,0.5222222222222221,0.04,826.0,0.0,0.0,44.0,870.0,0.0
9.0,0.5222222222222221,0.045000000000000005,826.0,0.0,0.0,44.0,870.0,0.0
9.0,0.5222222222222221,0.05,826.0,0.0,0.0,44.0,870.0,0.0
9.0,0.7333333333333333,0.005,826.0,42.0,0.0,2.0,870.0,0.9811320754716981
9.0,0.7333333333333333,0.01,826.0,14.0,0.0,30.0,870.0,0.7441860465116279
9.0,0.7333333333333333,0.015000000000000001,826.0,6.0,0.0,38.0,870.0,0.56
9.0,0.7333333333333333,0.02,826.0,6.0,0.0,38.0,870.0,0.5103448275862069
9.0,0.7333333333333333,0.025,826.0,6.0,0.0,38.0,870.0,0.5
9.0,0.7333333333333333,0.030000000000000002,826.0,6.0,0.0,38.0,870.0,0.5
9.0,0.7333333333333333,0.035,826.0,6.0,0.0,38.0,870.0,0.5
9.0,0.7333333333333333,0.04,826.0,3.0,0.0,41.0,870.0,0.4233576642335767
9.0,0.7333333333333333,0.045000000000000005,826.0,5.0,0.0,39.0,870.0,0.4233576642335767
9.0,0.7333333333333333,0.05,826.0,5.0,0.0,39.0,870.0,0.3511450381679389
9.0,0.9444444444444444,0.005,826.0,44.0,0.0,0.0,870.0,1.0
9.0,0.9444444444444444,0.01,826.0,32.0,0.0,12.0,870.0,0.8631578947368421
9.0,0.9444444444444444,0.015000000000000001,826.0,10.0,0.0,34.0,870.0,0.6909090909090909
9.0,0.9444444444444444,0.02,826.0,6.0,0.0,38.0,870.0,0.5789473684210525
9.0,0.9444444444444444,0.025,826.0,6.0,0.0,38.0,870.0,0.5503355704697986
9.0,0.9444444444444444,0.030000000000000002,826.0,6.0,0.0,38.0,870.0,0.5
9.0,0.9444444444444444,0.035,826.0,6.0,0.0,38.0,870.0,0.5
9.0,0.9444444444444444,0.04,826.0,6.0,0.0,38.0,870.0,0.5
9.0,0.9444444444444444,0.045000000000000005,826.0,6.0,0.0,38.0,870.0,0.48951048951048953
9.0,0.9444444444444444,0.05,826.0,6.0,0.0,38.0,870.0,0.4788732394366197
9.0,1.1555555555555557,0.005,826.0,44.0,0.0,0.0,870.0,1.0
9.0,1.1555555555555557,0.01,826.0,38.0,0.0,6.0,870.0,0.9253731343283582
9.0,1.1555555555555557,0.015000000000000001,826.0,11.0,0.0,33.0,870.0,0.7142857142857143
9.0,1.1555555555555557,0.02,826.0,6.0,0.0,38.0,870.0,0.6064516129032258
9.0,1.1555555555555557,0.025,826.0,6.0,0.0,38.0,870.0,0.5695364238410596
9.0,1.1555555555555557,0.030000000000000002,826.0,6.0,0.0,38.0,870.0,0.5
9.0,1.1555555555555557,0.035,826.0,6.0,0.0,38.0,870.0,0.4861111111111111
9.0,1.1555555555555557,0.04,826.0,6.0,0.0,38.0,870.0,0.4788732394366197
9.0,1.1555555555555557,0.045000000000000005,826.0,6.0,0.0,38.0,870.0,0.5
9.0,1.1555555555555557,0.05,826.0,3.0,0.0,41.0,870.0,0.4
9.0,1.3666666666666667,0.005,826.0,44.0,0.0,0.0,870.0,0.9953488372093023
9.0,1.3666666666666667,0.01,826.0,38.0,0.0,6.0,870.0,0.914572864321608
9.0,1.3666666666666667,0.015000000000000001,826.0,10.0,0.0,34.0,870.0,0.6987951807228916
9.0,1.3666666666666667,0.02,826.0,6.0,0.0,38.0,870.0,0.6064516129032258
9.0,1.3666666666666667,0.025,826.0,6.0,0.0,38.0,870.0,0.5695364238410596
9.0,1.3666666666666667,0.030000000000000002,826.0,6.0,0.0,38.0,870.0,0.5
9.0,1.3666666666666667,0.035,826.0,6.0,0.0,38.0,870.0,0.48951048951048953
9.0,1.3666666666666667,0.04,826.0,6.0,0.0,38.0,870.0,0.5
9.0,1.3666666666666667,0.045000000000000005,826.0,6.0,0.0,38.0,870.0,0.5
9.0,1.3666666666666667,0.05,826.0,6.0,0.0,38.0,870.0,0.48951048951048953
9.0,1.5777777777777777,0.005,826.0,43.0,0.0,1.0,870.0,0.9953488372093023
9.0,1.5777777777777777,0.01,826.0,41.0,0.0,3.0,870.0,0.9411764705882353
9.0,1.5777777777777777,0.015000000000000001,826.0,10.0,0.0,34.0,870.0,0.6909090909090909
9.0,1.5777777777777777,0.02,826.0,9.0,0.0,35.0,870.0,0.6415094339622641
9.0,1.5777777777777777,0.025,826.0,6.0,0.0,38.0,870.0,0.5789473684210525
9.0,1.5777777777777777,0.030000000000000002,826.0,6.0,0.0,38.0,870.0,0.5
9.0,1.5777777777777777,0.035,826.0,6.0,0.0,38.0,870.0,0.5
9.0,1.5777777777777777,0.04,826.0,6.0,0.0,38.0,870.0,0.5
9.0,1.5777777777777777,0.045000000000000005,826.0,6.0,0.0,38.0,870.0,0.4460431654676259
9.0,1.5777777777777777,0.05,826.0,6.0,0.0,38.0,870.0,0.48951048951048953
9.0,1.7888888888888888,0.005,825.0,44.0,1.0,0.0,870.0,0.9953917050691244
9.0,1.7888888888888888,0.01,826.0,41.0,0.0,3.0,870.0,0.9463414634146341
9.0,1.7888888888888888,0.015000000000000001,826.0,10.0,0.0,34.0,870.0,0.6583850931677019
9.0,1.7888888888888888,0.02,826.0,10.0,0.0,34.0,870.0,0.6583850931677019
9.0,1.7888888888888888,0.025,826.0,6.0,0.0,38.0,870.0,0.5789473684210525
9.0,1.7888888888888888,0.030000000000000002,826.0,6.0,0.0,38.0,870.0,0.56
9.0,1.7888888888888888,0.035,826.0,6.0,0.0,38.0,870.0,0.4965517241379311
9.0,1.7888888888888888,0.04,826.0,6.0,0.0,38.0,870.0,0.46808510638297873
9.0,1.7888888888888888,0.045000000000000005,826.0,6.0,0.0,38.0,870.0,0.45714285714285713
9.0,1.7888888888888888,0.05,826.0,6.0,0.0,38.0,870.0,0.5
9.0,2.0,0.005,825.0,43.0,1.0,1.0,870.0,0.986046511627907
9.0,2.0,0.01,826.0,41.0,0.0,3.0,870.0,0.9463414634146341
9.0,2.0,0.015000000000000001,826.0,9.0,0.0,35.0,870.0,0.6329113924050632
9.0,2.0,0.02,826.0,10.0,0.0,34.0,870.0,0.6583850931677019
9.0,2.0,0.025,826.0,6.0,0.0,38.0,870.0,0.5974025974025974
9.0,2.0,0.030000000000000002,826.0,6.0,0.0,38.0,870.0,0.56
9.0,2.0,0.035,826.0,6.0,0.0,38.0,870.0,0.45714285714285713
9.0,2.0,0.04,826.0,6.0,0.0,38.0,870.0,0.45714285714285713
9.0,2.0,0.045000000000000005,826.0,6.0,0.0,38.0,870.0,0.4460431654676259
9.0,2.0,0.05,826.0,5.0,0.0,39.0,870.0,0.4202898550724638
10.0,0.1,0.005,806.0,0.0,0.0,64.0,870.0,0.0
10.0,0.1,0.01,806.0,0.0,0.0,64.0,870.0,0.0
10.0,0.1,0.015000000000000001,806.0,0.0,0.0,64.0,870.0,0.0
10.0,0.1,0.02,806.0,0.0,0.0,64.0,870.0,0.0
10.0,0.1,0.025,806.0,0.0,0.0,64.0,870.0,0.0
10.0,0.1,0.030000000000000002,806.0,0.0,0.0,64.0,870.0,0.0
10.0,0.1,0.035,806.0,0.0,0.0,64.0,870.0,0.0
10.0,0.1,0.04,806.0,0.0,0.0,64.0,870.0,0.0
10.0,0.1,0.045000000000000005,806.0,0.0,0.0,64.0,870.0,0.0
10.0,0.1,0.05,806.0,0.0,0.0,64.0,870.0,0.0
10.0,0.3111111111111111,0.005,806.0,50.0,0.0,14.0,870.0,0.8979591836734693
10.0,0.3111111111111111,0.01,806.0,33.0,0.0,31.0,870.0,0.6329113924050632
10.0,0.3111111111111111,0.015000000000000001,806.0,26.0,0.0,38.0,870.0,0.5
10.0,0.3111111111111111,0.02,806.0,1.0,0.0,63.0,870.0,0.05405405405405406
10.0,0.3111111111111111,0.025,806.0,0.0,0.0,64.0,870.0,0.0
10.0,0.3111111111111111,0.030000000000000002,806.0,0.0,0.0,64.0,870.0,0.0
10.0,0.3111111111111111,0.035,806.0,0.0,0.0,64.0,870.0,0.0
10.0,0.3111111111111111,0.04,806.0,0.0,0.0,64.0,870.0,0.0
10.0,0.3111111111111111,0.045000000000000005,806.0,0.0,0.0,64.0,870.0,0.0
10.0,0.3111111111111111,0.05,806.0,0.0,0.0,64.0,870.0,0.0
10.0,0.5222222222222221,0.005,806.0,60.0,0.0,4.0,870.0,0.9615384615384615
10.0,0.5222222222222221,0.01,806.0,50.0,0.0,14.0,870.0,0.8923076923076924
10.0,0.5222222222222221,0.015000000000000001,806.0,45.0,0.0,19.0,870.0,0.8571428571428571
10.0,0.5222222222222221,0.02,806.0,35.0,0.0,29.0,870.0,0.6829268292682926
10.0,0.5222222222222221,0.025,806.0,29.0,0.0,35.0,870.0,0.5789473684210525
10.0,0.5222222222222221,0.030000000000000002,806.0,28.0,0.0,36.0,870.0,0.5405405405405406
10.0,0.5222222222222221,0.035,806.0,24.0,0.0,40.0,870.0,0.45714285714285713
10.0,0.5222222222222221,0.04,806.0,6.0,0.0,58.0,870.0,0.18487394957983191
10.0,0.5222222222222221,0.045000000000000005,806.0,1.0,0.0,63.0,870.0,0.018348623853211007
10.0,0.5222222222222221,0.05,806.0,0.0,0.0,64.0,870.0,0.0
10.0,0.7333333333333333,0.005,806.0,63.0,0.0,1.0,870.0,0.9811320754716981
10.0,0.7333333333333333,0.01,806.0,52.0,0.0,12.0,870.0,0.914572864321608
10.0,0.7333333333333333,0.015000000000000001,806.0,50.0,0.0,14.0,870.0,0.8979591836734693
10.0,0.7333333333333333,0.02,806.0,50.0,0.0,14.0,870.0,0.8923076923076924
10.0,0.7333333333333333,0.025,806.0,48.0,0.0,16.0,870.0,0.8750000000000001
10.0,0.7333333333333333,0.030000000000000002,806.0,44.0,0.0,20.0,870.0,0.8387096774193548
10.0,0.7333333333333333,0.035,806.0,31.0,0.0,33.0,870.0,0.6666666666666666
10.0,0.7333333333333333,0.04,806.0,28.0,0.0,36.0,870.0,0.56
10.0,0.7333333333333333,0.045000000000000005,806.0,28.0,0.0,36.0,870.0,0.5306122448979591
10.0,0.7333333333333333,0.05,806.0,28.0,0.0,36.0,870.0,0.5405405405405406
10.0,0.9444444444444444,0.005,806.0,64.0,0.0,0.0,870.0,0.9953488372093023
10.0,0.9444444444444444,0.01,806.0,60.0,0.0,4.0,870.0,0.9565217391304348
10.0,0.9444444444444444,0.015000000000000001,806.0,50.0,0.0,14.0,870.0,0.8979591836734693
10.0,0.9444444444444444,0.02,806.0,50.0,0.0,14.0,870.0,0.8979591836734693
10.0,0.9444444444444444,0.025,806.0,50.0,0.0,14.0,870.0,0.8979591836734693
10.0,0.9444444444444444,0.030000000000000002,806.0,50.0,0.0,14.0,870.0,0.8979591836734693
10.0,0.9444444444444444,0.035,806.0,47.0,0.0,17.0,870.0,0.869109947643979
10.0,0.9444444444444444,0.04,806.0,44.0,0.0,20.0,870.0,0.8387096774193548
10.0,0.9444444444444444,0.045000000000000005,806.0,28.0,0.0,36.0,870.0,0.65
10.0,0.9444444444444444,0.05,806.0,28.0,0.0,36.0,870.0,0.5974025974025974
10.0,1.1555555555555557,0.005,806.0,64.0,0.0,0.0,870.0,1.0
10.0,1.1555555555555557,0.01,806.0,61.0,0.0,3.0,870.0,0.9714285714285714
10.0,1.1555555555555557,0.015000000000000001,806.0,50.0,0.0,14.0,870.0,0.8979591836734693
10.0,1.1555555555555557,0.02,806.0,50.0,0.0,14.0,870.0,0.8979591836734693
10.0,1.1555555555555557,0.025,806.0,50.0,0.0,14.0,870.0,0.8979591836734693
10.0,1.1555555555555557,0.030000000000000002,806.0,50.0,0.0,14.0,870.0,0.8979591836734693
10.0,1.1555555555555557,0.035,806.0,50.0,0.0,14.0,870.0,0.8979591836734693
10.0,1.1555555555555557,0.04,806.0,50.0,0.0,14.0,870.0,0.8979591836734693
10.0,1.1555555555555557,0.045000000000000005,806.0,39.0,0.0,25.0,870.0,0.8131868131868133
10.0,1.1555555555555557,0.05,806.0,35.0,0.0,29.0,870.0,0.7657142857142858
10.0,1.3666666666666667,0.005,805.0,64.0,1.0,0.0,870.0,0.9953917050691244
10.0,1.3666666666666667,0.01,806.0,62.0,0.0,2.0,870.0,0.976303317535545
10.0,1.3666666666666667,0.015000000000000001,806.0,50.0,0.0,14.0,870.0,0.8979591836734693
10.0,1.3666666666666667,0.02,806.0,50.0,0.0,14.0,870.0,0.8979591836734693
10.0,1.3666666666666667,0.025,806.0,50.0,0.0,14.0,870.0,0.8923076923076924
10.0,1.3666666666666667,0.030000000000000002,806.0,50.0,0.0,14.0,870.0,0.8979591836734693
10.0,1.3666666666666667,0.035,806.0,50.0,0.0,14.0,870.0,0.8979591836734693
10.0,1.3666666666666667,0.04,806.0,40.0,0.0,24.0,870.0,0.8324324324324325
10.0,1.3666666666666667,0.045000000000000005,806.0,39.0,0.0,25.0,870.0,0.8260869565217391
10.0,1.3666666666666667,0.05,806.0,38.0,0.0,26.0,870.0,0.8
10.0,1.5777777777777777,0.005,799.0,64.0,7.0,0.0,870.0,0.9642857142857143
10.0,1.5777777777777777,0.01,806.0,62.0,0.0,2.0,870.0,0.976303317535545
10.0,1.5777777777777777,0.015000000000000001,806.0,50.0,0.0,14.0,870.0,0.8979591836734693
10.0,1.5777777777777777,0.02,806.0,49.0,0.0,15.0,870.0,0.8923076923076924
10.0,1.5777777777777777,0.025,806.0,50.0,0.0,14.0,870.0,0.8979591836734693
10.0,1.5777777777777777,0.030000000000000002,806.0,50.0,0.0,14.0,870.0,0.8979591836734693
10.0,1.5777777777777777,0.035,806.0,50.0,0.0,14.0,870.0,0.8979591836734693
10.0,1.5777777777777777,0.04,806.0,39.0,0.0,25.0,870.0,0.8324324324324325
10.0,1.5777777777777777,0.045000000000000005,806.0,39.0,0.0,25.0,870.0,0.8260869565217391
10.0,1.5777777777777777,0.05,806.0,38.0,0.0,26.0,870.0,0.8260869565217391
10.0,1.7888888888888888,0.005,787.0,64.0,19.0,0.0,870.0,0.9113924050632911
10.0,1.7888888888888888,0.01,806.0,61.0,0.0,3.0,870.0,0.9615384615384615
10.0,1.7888888888888888,0.015000000000000001,806.0,50.0,0.0,14.0,870.0,0.8979591836734693
10.0,1.7888888888888888,0.02,806.0,50.0,0.0,14.0,870.0,0.8979591836734693
10.0,1.7888888888888888,0.025,806.0,50.0,0.0,14.0,870.0,0.8979591836734693
10.0,1.7888888888888888,0.030000000000000002,806.0,50.0,0.0,14.0,870.0,0.8979591836734693
10.0,1.7888888888888888,0.035,806.0,50.0,0.0,14.0,870.0,0.8979591836734693
10.0,1.7888888888888888,0.04,806.0,40.0,0.0,24.0,870.0,0.8387096774193548
10.0,1.7888888888888888,0.045000000000000005,806.0,39.0,0.0,25.0,870.0,0.8324324324324325
10.0,1.7888888888888888,0.05,806.0,38.0,0.0,26.0,870.0,0.8131868131868133
10.0,2.0,0.005,770.0,64.0,36.0,0.0,870.0,0.8470588235294119
10.0,2.0,0.01,806.0,60.0,0.0,4.0,870.0,0.9565217391304348
10.0,2.0,0.015000000000000001,806.0,49.0,0.0,15.0,870.0,0.8865979381443299
10.0,2.0,0.02,806.0,50.0,0.0,14.0,870.0,0.8979591836734693
10.0,2.0,0.025,806.0,50.0,0.0,14.0,870.0,0.8979591836734693
10.0,2.0,0.030000000000000002,806.0,50.0,0.0,14.0,870.0,0.8979591836734693
10.0,2.0,0.035,806.0,47.0,0.0,17.0,870.0,0.8808290155440415
10.0,2.0,0.04,806.0,40.0,0.0,24.0,870.0,0.8387096774193548
10.0,2.0,0.045000000000000005,806.0,39.0,0.0,25.0,870.0,0.8324324324324325
10.0,2.0,0.05,806.0,38.0,0.0,26.0,870.0,0.8066298342541436
